nomeUasg,estado,n_itens,IPR_mediano,IPR_p75,valor_total
GRUPAMENTO DE APOIO DE BELÉM,PA,5,2.0,2.2,930.0
BASE ADMINISTRATIVA DO COMPLEXO DE SAÚDE RJ,RJ,7,1.8,1.929,4017.34
HOSPITAL NAVAL DE BELEM,PA,5,1.7,2.25,4073.0
HOSPITAL DA G. S. GABRIEL DA CACHOEIRA,AM,5,1.55,1.6,1471.0
HOSPITAL UNIV DA UNIVERSIDADE FEDERAL AMAPA,AP,8,1.525,1.75,4033.1
HOSPITAL DE GUARNICAO DE MARABA,PA,5,1.5,1.5,1062.2
PREFEITURA MUNICIPAL SANTA BARBARA DO PARA,PA,6,1.5,1.65,23600.0
PREFEITURA MUNICIPAL DE SANTA INES - MA,MA,5,1.5,1.5,69366.0
7 REGIMENTO DE CAVALARIA MECANIZADO/RS,RS,5,1.5,1.75,679.3
HOSPITAL UNIVERSITÁRIO GETÚLIO VARGAS,AM,8,1.375,1.58,2719.0
HOSPITAL MILITAR DE ÁREA DE MANAUS,AM,9,1.35,1.5,5761.9
HOSPITAL UNIV. MONS. JOÃO B. DE CARVALHO D.,SE,11,1.35,1.5,34047.0
4. BATALHAO DE INFANTARIA DE SELVA/MES/AC,AC,8,1.35,1.675,1989.0
COMANDO 13 BDA DE INFANTARIA MOTORIZADA-ME/MT,MT,10,1.35,1.65,2849.01
FUNDO MUNICIPAL DE SAUDE DE GUARAI - TO,TO,5,1.333,1.6,10032.0
DISTRITO SANIT.ESP.INDÍGENA - ALTO SOLIMOES,AM,8,1.325,1.638,26196.32
HOSPITAL DE GUARNICAO DE JOAO PESSOA,PB,6,1.3,1.388,1891.0
HOSPITAL DA GUARNICAO DE FLORIANOPOLIS,SC,6,1.298,1.575,1560.2
EPA-FUNDA. CENTRO HEMOT. E HEMATOLGIA DO PARÁ,PA,5,1.25,1.25,18364.0
HOSPITAL DE GUARNICAO DE SANTIAGO/RS,RS,8,1.25,1.512,2927.0
HOSPITAL UNIVERSITÁRIO JÚLIO MULLER,MT,9,1.25,2.0,20503.5
HOSPITAL UNIV. PROFESSOR ALBERTO ANTUNES,AL,9,1.25,1.6,2136.6
HOSPITAL MILITAR DE ÁREA DE SÃO PAULO,SP,8,1.25,1.375,1384.88
EMPRESA BRASILEIRA DE SERVIÇOS HOSPITALARES,MA,9,1.25,1.25,22505.48
HOSPITAL DE GUARNICAO DE TABATINGA/MEX/AM,AM,7,1.25,1.339,5282.0
FUND.PUBL.EST.HOSP.DE CLÍNICAS GASPAR VIANNA,PA,8,1.25,1.425,6569.0
HOSPITAL DE DOENÇAS TROPICAIS,TO,7,1.25,1.725,910.0
DISTRITO SANIT.ESP.INDIGENA MEDIO SOLIMOES AM,AM,7,1.25,1.475,21950.0
38  BATALHAO DE INFANTARIA/MEX/ES,ES,5,1.25,1.3,3850.0
DEPEN - DIRETORIA EXECUTIVA,DF,5,1.25,1.25,3363.4
HOSPITAL GERAL DE FORTALEZA/MEX - CE,CE,5,1.25,1.5,2622.0
HOSPITAL MILITAR DE ÁREA DE PORTO ALEGRE,RS,13,1.25,1.5,7595.23
PREFEITURA MUNICIPAL DE NOVA TIMBOTEUA - PA,PA,5,1.25,1.25,20060.0
SERVIÇO AUTONOMO HOSPITALAR DE VOLTA REDONDA,RJ,10,1.25,1.425,3980.0
PREFEITURA MUNICIPAL DE CANDIBA - BA,BA,5,1.25,2.0,2090.0
PREFEITURA MUNICIPAL DE BARCARENA - PA,PA,11,1.25,1.375,166883.28
PREFEITURA MUNICIPAL DE VARZEDO - BA,BA,9,1.25,1.6,27616.0
DISTRITO SANIT.ESP.INDIGENA - MANAUS - AM,AM,6,1.225,1.25,43000.0
HOSPITAL UNIVERSITÁRIO DO PIAUÍ,PI,8,1.225,1.25,11375.0
HOSPITAL DE GUARNICAO DE PORTO VELHO-MEX/RO,RO,8,1.219,1.412,1917.32
HOSP ENS DR WASHINGTON ANTONIO BARROS,PE,9,1.2,1.25,2565.0
COMPLEXO HOSPITALAR UNIVERSITÁRIO DA UFPA,PA,7,1.2,1.475,4979.3
MEX-COMANDO 4.BRIGADA CAVALARIA MECANIZADA/MS,MS,5,1.2,1.3,1591.0
PREFEITURA MUNICIPAL DE GUAMARÉ - RN,RN,5,1.2,1.333,22840.0
1A. BRIGADA DE INFANTARIA DE SELVA/RR,RR,5,1.2,1.2,5613.8
HOSPITAL NAVAL_DE SALVADOR,BA,9,1.2,1.333,1195.0
HOSPITAL DAS FORCAS ARMADAS,DF,9,1.2,1.381,2745.92
HOSPITAL GERAL DE BELEM,PA,12,1.196,1.25,5248.2
COMPLEXO HOSPITALAR DO CEARÁ,CE,6,1.19,1.47,9234.17
HOSPITAL UNIVERSITÁRIO DE JUIZ DE FORA,MG,7,1.19,1.225,2404.0
MATERNIDADE CLIMÉRIO DE OLIVEIRA,BA,6,1.175,1.388,19832.7
HOSPITAL UNIVERSITÁRIO DE SERGIPE,SE,8,1.175,1.25,17146.5
HOSPITAL DAS CLÍNICAS DE MINAS GERAIS,MG,7,1.15,1.375,94849.36
CENTRO DE INTENDENCIA DA MARINHA EM MANAUS,AM,9,1.15,1.25,14370.28
EPA-FUNDAÇÃO SANTA CASA MISERICORDIA DO PARÁ,PA,6,1.149,1.25,28381.0
COMPLEXO HOSPITALAR UNIVERSITÁRIO DA UFPR,PR,14,1.146,1.238,38891.0
PREFEITURA MUNICIPAL DE SILVES - AM,AM,7,1.143,1.35,23620.0
DISTRITO SANIT.ESP.INDÍGENA GUAMA TOCANTINS,PA,9,1.143,1.25,22306.0
HOSPITAL U. CASSIANO ANTONIO DE MORAIS,ES,8,1.125,1.312,10160.0
PREFEITURA MUNICIPAL DE PAULO AFONSO - BA,BA,8,1.125,1.388,89510.0
ETO - SECRETARIA DA SAUDE DO ESTADO,TO,6,1.125,1.25,13420.8
EBSERH - HOSP. UNIV. ANTONIO PEDRO,RJ,6,1.1,1.238,75081.0
DISTRITO SANIT.ESP.INDIGENA MEDIO PURUS AM,AM,6,1.1,1.371,13640.0
GRUPAMENTO DE APOIO DE RECIFE,PE,5,1.1,1.2,1343.0
HOSPITAL GERAL DE SALVADOR,BA,5,1.1,1.15,1076.0
DISTRITO SANIT.ESP.INDIGENA - VILHENA - RO,RO,6,1.099,1.188,10751.0
PREFEITURA MUNICIPAL DE BOA VISTA DO TUPIM/BA,BA,9,1.095,1.4,22565.0
PREFEITURA MUNICIPAL DE JABORANDI - BA,BA,8,1.095,1.275,43630.0
HOSPITAL DAS CLINICAS DE GOIÁS,GO,6,1.075,1.225,4377.0
DISTRITO SANIT.ESP.INDÍGENA - LESTE RR,RR,5,1.05,1.2,36100.0
DISTRITO SANIT.ESP.INDÍGENA - XINGU,MT,6,1.05,1.132,10126.0
PREFEITURA MUNICIPAL SÃO MIGUEL DO GUAMÁ - PA,PA,6,1.025,1.362,32540.0
COMPLEXO HOSPITALAR E DE SAUDE DA UFBA,BA,6,1.025,1.155,49095.0
"AG. DE LICIT., CONT. E CONV. DE MACEIO",AL,11,1.0,1.0,327989.62
COMANDO BRIGADA INFANTARIA PARAQUEDISTA/RJ,RJ,9,1.0,1.2,12254.64
CENTRAL DE LICITACOES DA PREF. DE FORTALEZA,CE,5,1.0,1.0,866469.6
DISTRITO SANIT. ESP.INDIGENA - ALTAMIRA,PA,6,1.0,1.0,9364.0
DISTRITO SANIT. ESP.INDIGENA- KAIAPO REDENçãO,PA,9,1.0,1.1,8030.0
FUNDO MUNICIPAL DE SAUDE DE MACAE - RJ,RJ,6,1.0,1.0,137245.5
FUNDO MUNICIPAL DE SAUDE DE MARABA - PA,PA,13,1.0,1.0,191220.3
FUNDO MUN DE SAUDE DE VASSOURAS - RJ,RJ,9,1.0,1.05,104162.1
HOSPITAL DAS CLIN DA UNIV FED DE UBERLÂNDIA,MG,7,1.0,1.475,15930.0
DIST.SANIT.ESP.INDÍGENA MATO GROSSO DO SUL,MS,9,1.0,1.0,92319.6
DIST. SANTI. ESP.INDIGENA ALTO RIO NEGRO,AM,5,1.0,1.0,26084.0
DISTRITO SANIT.ESP.INDIGENA - TAPAJOS - PA,PA,9,1.0,1.2,46708.94
DISTRITO SANIT.ESP. INDÍGENA - MARANHAO,MA,7,1.0,1.024,47511.5
DEPARTAMENTO DE LOGÍSTICA EM SAUDE,DF,11,1.0,1.0,571945.0
DIST. SANIT. ESP. INDIGENA PARINTINS,AM,6,1.0,1.037,15260.0
AUTARQUIA MUN. DE SAUDE DE APUCARANA - PR,PR,6,1.0,1.0,226120.0
FUNDO ESTADUAL DE SAÚDE,SE,9,1.0,1.1,46880.0
DISTRITO SANIT.ESP.INDÍGENA AL/SE,AL,16,1.0,1.149,31719.0
DISTRITO SANIT.ESP.INDÍGENA - TOCANTINS,TO,6,1.0,1.0,22430.0
DISTRITO SANIT.ESP.INDÍGENA - CEARA,CE,5,1.0,1.238,19520.0
DISTRITO SANIT.ESP.INDÍGENA - INTERIOR SUL,SC,5,1.0,1.1,38410.0
SECRETARIA MUNICIPAL DE ADMINISTRAÇÃO - NATAL,RN,6,1.0,1.075,152400.0
SECRETARIA DE ESTADO DA SAÚDE DE RR,RR,16,1.0,1.125,145410.3
PREFEITURA MUNICIPAL GOVERNADOR MANGABEIRA-BA,BA,9,1.0,1.2,28385.0
PREFEITURA MUNICIPAL DE VERA CRUZ DO OESTE-PR,PR,6,1.0,1.0,3650.0
PREFEITURA MUNICIPAL SAO DOMINGOS DO CAPIM-PA,PA,9,1.0,1.19,111710.0
PREFEITURA MUNICIPAL STO. ANTONIO DESCOBERTO,GO,6,1.0,1.0,20567.0
PREFEITURA MUNUNICIPAL DE ENTRE RIOS DO OESTE,PR,9,1.0,1.0,4975.0
PREFEITURA MUNICIPAL DE TERESOPOLIS - RJ,RJ,9,1.0,1.0,59300.0
PREFEITURA MUNICIPAL DE PLANALTO - PM,PR,6,1.0,1.0,6010.0
PREFEITURA MUNICIPAL DE SÃO BENTO - PB,PB,5,1.0,1.0,28330.0
PREFEITURA MUNICIPAL DE NOVA SANTA ROSA - PR,PR,7,1.0,1.0,6610.0
PREFEITURA MUNICIPAL DE NOVA FRIBURGO - RJ,RJ,13,1.0,1.0,183198.2
PREFEITURA MUNICIPAL DE DONA FRANCISCA - RS,RS,9,1.0,1.0,5410.0
PREFEITURA MUNICIPAL DE JI-PARANÁ - RO,RO,6,1.0,1.0,53489.0
PREFEITURA MUNICIPAL DE ITABERAÍ - GO,GO,5,1.0,1.2,14591.4
SECRETARIA MUNICIPAL DE SAÚDE DE JOÃO PESSOA,PB,6,1.0,1.0,156522.48
PREFEITURA MUNICIPAL DE SÃO LUÍS - MA,MA,20,1.0,1.062,256889.0
PREFEITURA MUNICIPAL DE SANTA MARIA DO PARÁ,PA,7,1.0,1.1,7275.2
DISTRITO SANIT.ESP.INDÍGENA POTIGUARA,PB,8,1.0,1.038,13405.0
DISTRITO SANITARIO ESP. INDIGENA - BAHIA,BA,6,1.0,1.0,27500.0
FUNDO MUNICIPAL DE SAÚDE DE ITAPETIM - PE,PE,9,1.0,1.2,8993.0
EAL- INTERM.DO SUL DO ESTADO DE ALAGOAS,AL,5,1.0,1.0,681507.98
EMPRESA BRASILEIRA DE SERVIÇOS HOSPITALARES,DF,10,1.0,1.075,233725.98
EBSERH - H U PROF POLYDORO ERNANI DE S THIAGO,SC,10,1.0,1.0,12776.92
FUNDO ESTADUAL DE SAUDE DE MATO GROSSO,MT,10,1.0,1.036,10504.76
EBSERH - FILIAL HOSP UNIV ALCIDES CARNEIRO,PB,6,1.0,1.15,1270.0
ERN - SECRETARIA DE ESTADO DA SAÚDE PÚBLICA,RN,6,1.0,1.0,31974.0
FUNDAçãO EST ATENçãO EM SAúDE EST DOPARANA,PR,9,1.0,1.0,6680.0
DISTRITO SANIT.ESP.INDÍGENA - XAVANTE,MT,9,1.0,1.0,56493.3
DISTRITO SANIT.ESP.INDÍGENA - YANOMAMI,RR,6,1.0,1.071,37850.0
HOSPITAL ESCOLA DA UNIV. FEDERAL DE PELOTAS,RS,11,1.0,1.1,6940.0
HOSPITAL DE GUARNICAO DE NATAL,RN,7,1.0,1.25,4399.0
PREFEITURA MUNICIPAL DE CACERES - MT,MT,5,1.0,1.0,48020.0
PREFEITURA MUNICIPAL DE CAPELA - AL,AL,7,1.0,1.1,21410.0
PREFEITURA MUNICIPAL DE BOA VISTA - RR,RR,5,1.0,1.0,256000.0
PREFEITURA MUNICIPAL DE CANTAGALO - RJ,RJ,9,1.0,1.0,24464.0
HOSPITAL UNIVERSITÁRIO DE BRASÍLIA,DF,9,1.0,1.2,15598.8
MATERNIDADE ESCOLA JANUÁRIO CICCO,RN,6,1.0,1.0,5521.0
INSTITUTO NACIONAL DE CARDIOLOGIA,RJ,9,1.0,1.0,44416.92
INSTITUTO NACIONAL DE TRAUMATO-ORTOPEDIA,RJ,9,1.0,1.0,39304.52
PREFEITURA DO MUNICIPIO DE ARIQUEMES,RO,9,1.0,1.0,57984.0
PREFEITURA MUN. DE SAO JOSE DA BELA VISTA,SP,10,1.0,1.084,17687.5
PREFEITURA DE MUNCIPAL SAPEAÇU - BA,BA,8,1.0,1.012,39500.0
MS-INSTITUTO FERNANDES FIGUEIRA/FIOCRUZ/RJ,RJ,9,1.0,1.0,35225.38
PREFEITURA MUNICIPAL DE BEZERROS - PE,PE,7,1.0,1.05,64996.16
INSTITUTO PUERIC. PED MAT. GESTEIRA DA UFRJ,RJ,7,1.0,1.225,6170.0
MEC-INSTITUTO DE PSIQUIATRIA DA UF/RJ,RJ,6,1.0,1.45,5749.0
PREFEITURA MUNICIPAL DE SANTA MARIA/RS,RS,9,1.0,1.0,239500.0
PREFEITURA MUNICIPAL DE DOM MACEDO COSTA - BA,BA,9,1.0,1.0,4880.0
PREFEITURA MUNICIPAL DE CATAGUASES - MG,MG,6,1.0,1.107,30880.0
PREFEITURA MUNICIPAL DE FORMOSA DO OESTE - PR,PR,9,1.0,1.0,3910.0
PREFEITURA MUNICIPAL DE GOV. EDISON LOBÃO-MA,MA,6,1.0,1.0,2400.0
PREFEITURA MUNICIPAL DE PIRAQUARA - PR,PR,5,1.0,1.0,24830.0
PREFEITURA MUNICIPAL DE JERÔNIMO MONTEIRO -ES,ES,5,1.0,1.0,24100.0
HOSPITAL MILITAR DE ÁREA DE RECIFE,PE,12,1.0,1.125,12079.28
HOSPITAL UNIVERSITÁRIO ONOFRE LOPES,RN,11,1.0,1.0,33811.0
INSTITUTO DE PESQUISAS EVANDRO CHAGAS - IPEC,RJ,9,1.0,1.0,92990.0
HOSPITAL UNIVERSITÁRIO GAFFRÉE E GUINLE,RJ,8,1.0,1.125,2078.0
HOSPITAL UNIV. Mª APARECIDA PEDROSSIAN,MS,10,1.0,1.037,6912.9
HOSPITAL NAVAL DE NATAL,RN,5,1.0,1.0,2853.0
HOSPITAL GERAL DE IPANEMA,RJ,5,1.0,1.0,34042.76
HOSPITAL GERAL DE CURITIBA,PR,7,1.0,1.025,1779.5
HOSPITAL MILITAR DE ÁREA DE CAMPO GRANDE,MS,5,1.0,1.2,4878.74
HOSPITAL NAVAL DE RECIFE,PE,5,1.0,1.0,1798.0
DISTRITO SANIT.ESP.INDÍGENA - PERNAMBUCO,PE,6,0.976,1.0,26376.0
EPA - SECRETARIA DE ESTADO DE SAÚDE,PA,6,0.976,1.0,28675.0
PREFEITURA MUNICIPAL DE TIMOTEO - MG,MG,6,0.975,1.15,45145.0
CENTRO DE OBTENCAO DA MARINHA/RJ,RJ,10,0.975,1.0,359957.8
PREFEITURA MUNICIPAL DE ARAPUTANGA - MT,MT,6,0.952,1.0,9540.0
PREFEITURA MUNICIPAL DE MARAGOGIPE - BA,BA,6,0.95,1.0,120600.0
HOSPITAL UNIVERSITARIO DA UFRJ,RJ,6,0.95,1.0,37515.79
PREFEITURA MUNICIPAL DE SANTA HELENA - PR,PR,6,0.95,1.0,9740.0
FUNDO MUNICIPAL DE SAUDE DE NOVA IGUAÇU - RJ,RJ,6,0.95,1.0,168282.88
CENTRO DE AQUISIÇÕES ESPECIFICAS,RJ,9,0.95,1.0,17185.74
PREFEITURA MUNICIPAL DE FLEXEIRAS - AL,AL,8,0.929,1.0,22540.0
PREFEITURA MUNICIPAL DE GOVERNADOR VALADARES,MG,7,0.905,1.0,22216.0
FUNDO MUNICIPAL DE SAUDE DE LIMOEIRO - PE,PE,8,0.9,1.0,156200.0
PREFEITURA MUNICIPAL DE PEDREGULHO - SP,SP,12,0.9,1.0,26875.0
FUNDO MUNICIPAL DE SAUDE DE CATALAO - GO,GO,7,0.9,1.0,47340.0
HOSPITAL DAS CLINICAS DE PERNAMBUCO,PE,7,0.9,1.0,39332.0
PREFEITURA MUNICIPAL DE CANDÓI - PR,PR,7,0.9,1.0,10500.0
HOSPITAL UNIV. DR. MIGUEL RIET CORREA JUNIOR,RS,5,0.9,1.0,2296.0
INSTITUTO NACIONAL DO CANCER - RJ,RJ,8,0.9,1.0,280590.78
PREFEITURA MUNICIPAL DE JANIOPOLIS - PR,PR,7,0.9,1.0,2007.04
PREFEITURA MUNICIPAL CABO DE STO AGOSTINHO-PE,PE,5,0.9,0.952,130600.0
HOSPITAL DE CLINICAS DO TRIANGULO MINEIRO,MG,12,0.879,1.0,27266.76
PREFEITURA MUNICIPAL DE SABAUDIA - PR,PR,6,0.876,0.988,1550.0
PREFEITURA MUNICIPAL DO RIO DE JANEIRO - RJ,RJ,16,0.875,1.0,8187404.21
FUNDO MUNICIPAL DE SAÚDE DE VOLTA REDONDA-RJ,RJ,11,0.857,1.0,229102.88
HOSPITAL UNIVERSITÁRIO DE SANTA MARIA,RS,9,0.857,1.0,11222.14
PREF.MUN.DE PINHAL GRANDE,RS,9,0.857,1.0,25800.0
PREFEITURA MUNICIPAL DE BELO JARDIM,PE,7,0.85,0.925,18180.0
SERVICO AUTONOMO MUNICIPAL DE SAUDE IBITINGA,SP,13,0.85,1.0,109750.0
FUNDAÇAO MUNICIPAL DE SAUDE DE NITERÓI - RJ,RJ,7,0.85,1.1,288714.0
ESE-CONSORCIO INTERM. VALE DO SAO FRANCISCO,SE,5,0.85,1.0,525763.0
FUNDO MUNICIPAL DE SAÚDE DE NIQUELÂNDIA - GO,GO,9,0.85,0.905,31712.0
PREFEITURA MUNICIPAL DE CORIBE - BA,BA,6,0.85,1.213,9320.0
PREFEITURA MUNICIPAL DE GOIOERE - PR,PR,5,0.85,0.9,3600.0
PREFEITURA MUNICIPAL DE CAXIAS DO SUL/RS,RS,9,0.85,0.857,432820.0
PREFEITURA MUNICIPAL DE FERNANDOPOLIS - SP,SP,9,0.833,1.0,186200.0
SECRETARIA DE ESTADO DE SAÚDE - DF,DF,13,0.833,1.0,1899787.13
PREFEITURA MUNICIPAL DE SAO JOSE DOS PINHAIS,PR,10,0.83,0.975,310000.0
PREFEITURA MUNICIPAL DE LONDRINA - PR,PR,6,0.817,0.883,199375.0
PREFEITURA MUNICIPAL DE CAMBE - PR,PR,6,0.805,0.84,22640.0
PREFEITURA MUNICIPAL DE REALEZA - PR,PR,6,0.8,0.888,17700.0
PREFEITURA MUNICIPAL DE PONTE NOVA - MG,MG,9,0.8,0.85,99450.0
PREFEITURA MUNICIPAL DE BARRA BONITA - SP,SP,6,0.8,0.807,57270.0
GOVERNO DO ESTADO DO CEARÁ,CE,13,0.8,0.8,5397238.68
CONSÓRCIO INTERMUN.DE SAÚDE DE PATO BRANCO-PR,PR,9,0.8,0.85,459440.01
PREFEITURA MUNICIPAL DE CAPANEMA - PR,PR,5,0.8,0.9,17050.0
HOSPITAL GERAL DE SANTA MARIA,RS,5,0.8,0.857,1579.92
PMSP - SECRETARIA MUNICIPAL DE SAÚDE,SP,7,0.8,0.8,3841347.6
PREFEITURA MUNICIPAL DE MARIPA - PR,PR,9,0.8,1.0,7896.0
PREFEITURA MUNICIPAL DE PEDERNEIRAS - SP,SP,12,0.8,0.888,114020.0
PREFEITURA MUNICIPAL DE MARMELEIRO - PR,PR,7,0.8,0.805,28990.0
PREFEITURA MUNICIPAL DE ASSIS - SP,SP,15,0.8,0.976,130135.0
PREF.MUN. DE FRANCISCO BELTRAO - PR,PR,5,0.8,0.81,79200.0
PREFEITURA MUNICIPAL DE JAGUARIUNA - SP,SP,7,0.8,0.83,55490.0
PREFEITURA MUNICIPAL DE CASCAVEL - PR,PR,15,0.8,0.825,461653.6
PREFEITURA MUNICIPAL DE ITAUNA - MG,MG,5,0.8,0.85,59660.0
PREFEITURA MUNICIPAL DE MARINGA - PR,PR,7,0.762,0.83,293079.56
PREFEITURA MUNICIPAL DE BOTUCATU,SP,5,0.75,0.8,131107.0
CONSÓRCIO INTERGESTORES PARANÁ SAÚDE/PR,PR,5,0.75,0.85,4627600.0
PREFEITURA MUNICIPAL DE UBERLâNDIA,MG,7,0.75,0.781,1016000.0
PREFEITURA MUNICIPAL IMPERATRIZ - MA,MA,6,0.75,1.225,170697.0
SECRETARIA MUNICIPAL DE SAUDE DE CARUARU - PE,PE,11,0.75,0.875,184420.0
FUNDO MUNICIPAL DE SAUDE DE PAUDALHO - PE,PE,11,0.714,0.8,220200.0
FUNDO MUNICIPAL DE SAÚDE DE CARPINA/PE,PE,6,0.675,0.95,42000.0
