nomeUasg,estado,n,IPAE_mediano,excesso_ajustado
GRUPAMENTO DE APOIO DE BELÉM,PA,7,1.754,772.055
PREFEITURA MUNICIPAL DE SANTA INES - MA,MA,5,1.646,28349.472
HOSPITAL NAVAL DE BELEM,PA,5,1.626,1358.338
PREFEITURA MUNICIPAL SANTA BARBARA DO PARA,PA,6,1.537,8126.162
HOSPITAL DA G. S. GABRIEL DA CACHOEIRA,AM,5,1.399,386.497
HOSPITAL UNIV DA UNIVERSIDADE FEDERAL AMAPA,AP,8,1.391,1145.601
BASE ADMINISTRATIVA DO COMPLEXO DE SAÚDE RJ,RJ,7,1.391,513.053
DISTRITO SANIT.ESP.INDÍGENA - ALTO SOLIMOES,AM,8,1.387,6459.843
PREFEITURA MUNICIPAL DE BARCARENA - PA,PA,11,1.345,38695.729
CENTRAL DE LICITACOES DA PREF. DE FORTALEZA,CE,5,1.333,209870.215
GRUPAMENTO DE APOIO DE CANOAS,RS,7,1.305,191.401
DISTRITO SANIT.ESP.INDIGENA - MANAUS - AM,AM,6,1.3,10294.987
PREFEITURA MUNICIPAL DE VARZEDO - BA,BA,9,1.273,5937.603
FUNDO MUNICIPAL DE SAUDE DE GUARAI - TO,TO,5,1.272,2867.323
PREFEITURA MUNICIPAL DE NOVA TIMBOTEUA - PA,PA,5,1.263,4233.203
DISTRITO SANIT.ESP.INDIGENA MEDIO SOLIMOES AM,AM,7,1.258,3928.57
PREFEITURA MUNICIPAL DE GUAMARÉ - RN,RN,5,1.252,4737.026
9 BATALHAO DE INFANTARIA MOTORIZADO/RS,RS,5,1.246,197.427
FUND.PUBL.EST.HOSP.DE CLÍNICAS GASPAR VIANNA,PA,8,1.234,1202.897
EAL- INTERM.DO SUL DO ESTADO DE ALAGOAS,AL,5,1.229,102643.8
HOSPITAL MILITAR DE ÁREA DE MANAUS,AM,9,1.226,1025.171
HOSPITAL DE GUARNICAO DE MARABA,PA,5,1.22,167.872
PREFEITURA MUNICIPAL DO RIO DE JANEIRO - RJ,RJ,16,1.212,1969070.316
SECRETARIA MUNICIPAL DE ADMINISTRAÇÃO - NATAL,RN,6,1.199,29670.529
SECRETARIA MUNICIPAL DE SAÚDE DE JOÃO PESSOA,PB,6,1.195,22717.447
HOSPITAL UNIV. MONS. JOÃO B. DE CARVALHO D.,SE,11,1.195,6606.852
CONSÓRCIO INTERGESTORES PARANÁ SAÚDE/PR,PR,5,1.195,776986.062
PREFEITURA MUNICIPAL DE BOA VISTA - RR,RR,5,1.188,43721.111
HOSPITAL UNIVERSITÁRIO GETÚLIO VARGAS,AM,8,1.187,423.073
EMPRESA BRASILEIRA DE SERVIÇOS HOSPITALARES,MA,9,1.183,4624.921
DEPARTAMENTO DE LOGÍSTICA EM SAUDE,DF,11,1.18,75114.746
DISTRITO SANIT.ESP.INDIGENA MEDIO PURUS AM,AM,6,1.177,2014.643
PREFEITURA MUNICIPAL DE SÃO LUÍS - MA,MA,20,1.174,43931.857
HOSPITAL GERAL DE FORTALEZA/MEX - CE,CE,5,1.172,684.513
PREFEITURA MUNICIPAL SAO DOMINGOS DO CAPIM-PA,PA,9,1.167,18534.292
FUNDO MUNICIPAL DE SAUDE DE MACAE - RJ,RJ,6,1.165,23079.324
CENTRO DE INTENDENCIA DA MARINHA EM MANAUS,AM,9,1.16,2572.113
COMPLEXO HOSPITALAR UNIVERSITÁRIO DA UFPR,PR,14,1.152,6549.089
PREFEITURA MUNICIPAL DE JABORANDI - BA,BA,8,1.149,10026.28
EPA-FUNDAÇÃO SANTA CASA MISERICORDIA DO PARÁ,PA,6,1.148,5961.699
FUNDO MUNICIPAL DE SAUDE DE MARABA - PA,PA,13,1.146,27661.594
4. BATALHAO DE INFANTARIA DE SELVA/MES/AC,AC,8,1.145,576.891
COMPLEXO HOSPITALAR DO CEARÁ,CE,6,1.14,2469.023
PREFEITURA MUNICIPAL DE PAULO AFONSO - BA,BA,8,1.139,25555.185
PREFEITURA MUNICIPAL DE SANTA MARIA/RS,RS,9,1.138,34373.834
1A. BRIGADA DE INFANTARIA DE SELVA/RR,RR,5,1.137,1325.356
HOSPITAL DE GUARNICAO DE TABATINGA/MEX/AM,AM,7,1.136,516.372
DISTRITO SANIT.ESP.INDÍGENA - YANOMAMI,RR,6,1.131,4816.946
DISTRITO SANIT.ESP.INDÍGENA - INTERIOR SUL,SC,5,1.131,4670.668
COMANDO 13 BDA DE INFANTARIA MOTORIZADA-ME/MT,MT,10,1.13,517.126
HOSPITAL DAS CLÍNICAS DE MINAS GERAIS,MG,7,1.128,12330.741
HOSPITAL UNIVERSITÁRIO JÚLIO MULLER,MT,9,1.127,2341.497
DEPEN - DIRETORIA EXECUTIVA,DF,5,1.127,546.237
EMPRESA BRASILEIRA DE SERVIÇOS HOSPITALARES,DF,10,1.127,33776.649
DIST.SANIT.ESP.INDÍGENA MATO GROSSO DO SUL,MS,9,1.126,9458.436
AUTARQUIA MUN. DE SAUDE DE APUCARANA - PR,PR,6,1.124,44916.248
7 REGIMENTO DE CAVALARIA MECANIZADO/RS,RS,5,1.124,121.959
MATERNIDADE CLIMÉRIO DE OLIVEIRA,BA,6,1.123,1778.776
INSTITUTO NACIONAL DO CANCER - RJ,RJ,8,1.123,26719.765
EBSERH - HOSP. UNIV. ANTONIO PEDRO,RJ,6,1.121,6946.677
HOSPITAL U. CASSIANO ANTONIO DE MORAIS,ES,8,1.12,1317.218
ETO - SECRETARIA DA SAUDE DO ESTADO,TO,6,1.118,1714.702
PREFEITURA MUNICIPAL DE BEZERROS - PE,PE,7,1.117,9125.97
PREFEITURA MUNICIPAL DE NOVA FRIBURGO - RJ,RJ,13,1.115,28971.703
DISTRITO SANIT.ESP.INDÍGENA GUAMA TOCANTINS,PA,9,1.114,2814.378
HOSPITAL UNIVERSITÁRIO DE SERGIPE,SE,8,1.11,3512.432
PREFEITURA MUNICIPAL SÃO MIGUEL DO GUAMÁ - PA,PA,6,1.108,4594.157
FUNDO MUN DE SAUDE DE VASSOURAS - RJ,RJ,9,1.107,11263.047
HOSPITAL DAS FORCAS ARMADAS,DF,9,1.106,279.396
ESE-CONSORCIO INTERM. VALE DO SAO FRANCISCO,SE,5,1.105,77461.652
GOVERNO DO ESTADO DO CEARÁ,CE,13,1.104,687177.288
SECRETARIA DE ESTADO DA SAÚDE DE RR,RR,16,1.103,20820.013
"AG. DE LICIT., CONT. E CONV. DE MACEIO",AL,11,1.102,32539.615
PMSP - SECRETARIA MUNICIPAL DE SAÚDE,SP,7,1.101,447322.784
DISTRITO SANIT.ESP.INDIGENA - TAPAJOS - PA,PA,9,1.099,5228.314
HOSPITAL MILITAR DE ÁREA DE PORTO ALEGRE,RS,13,1.098,822.347
DIST. SANTI. ESP.INDIGENA ALTO RIO NEGRO,AM,5,1.097,2490.149
DISTRITO SANIT.ESP.INDÍGENA - CEARA,CE,5,1.093,3122.659
PREFEITURA MUNICIPAL DE CATAGUASES - MG,MG,6,1.093,3271.187
EES - SECRETARIA ESTADUAL DA SAUDE,ES,6,1.089,103213.749
CENTRO DE OBTENCAO DA MARINHA/RJ,RJ,12,1.088,45904.451
HOSPITAL DA GUARNICAO DE FLORIANOPOLIS,SC,6,1.086,139.005
EPA-FUNDA. CENTRO HEMOT. E HEMATOLGIA DO PARÁ,PA,5,1.086,3163.07
PREFEITURA MUNICIPAL DE JI-PARANÁ - RO,RO,6,1.084,6501.68
HOSPITAL DE GUARNICAO DE PORTO VELHO-MEX/RO,RO,8,1.083,163.063
SERVIÇO AUTONOMO HOSPITALAR DE VOLTA REDONDA,RJ,10,1.08,457.549
PREFEITURA MUNICIPAL DE SÃO BENTO - PB,PB,5,1.08,2812.124
HOSPITAL DE GUARNICAO DE SANTIAGO/RS,RS,8,1.08,574.164
SECRETARIA DE ESTADO DE SAÚDE - DF,DF,13,1.078,185402.5
PREFEITURA MUNICIPAL DE CAPELA - AL,AL,7,1.077,2503.008
DISTRITO SANITARIO ESP. INDIGENA - BAHIA,BA,6,1.076,2428.819
PREFEITURA MUNICIPAL CABO DE STO AGOSTINHO-PE,PE,5,1.074,11596.665
PREFEITURA MUNICIPAL DE SILVES - AM,AM,7,1.073,4374.142
INSTITUTO NACIONAL DE CARDIOLOGIA,RJ,9,1.072,5695.651
HOSPITAL UNIVERSITÁRIO DE BRASÍLIA,DF,9,1.07,829.209
DISTRITO SANIT.ESP.INDÍGENA - XAVANTE,MT,9,1.068,6854.013
PREFEITURA MUNICIPAL DE TERESOPOLIS - RJ,RJ,9,1.068,7479.511
PREFEITURA MUNICIPAL DE ITABERAÍ - GO,GO,5,1.062,1091.337
DISTRITO SANIT.ESP. INDÍGENA - MARANHAO,MA,7,1.061,7528.996
HOSPITAL DE GUARNICAO DE JOAO PESSOA,PB,6,1.061,89.635
COMPLEXO HOSPITALAR UNIVERSITÁRIO DA UFPA,PA,7,1.053,645.18
DISTRITO SANIT.ESP.INDÍGENA - XINGU,MT,6,1.052,767.728
COMPLEXO HOSPITALAR E DE SAUDE DA UFBA,BA,6,1.052,3194.863
DISTRITO SANIT.ESP.INDÍGENA - TOCANTINS,TO,6,1.052,1436.843
HOSPITAL UNIVERSITÁRIO DE JUIZ DE FORA,MG,7,1.049,170.175
HOSPITAL DAS CLIN DA UNIV FED DE UBERLÂNDIA,MG,7,1.045,2752.976
PREFEITURA MUNICIPAL DE BURITIS - RO,RO,5,1.045,575.758
PREFEITURA MUNICIPAL DE PIRAQUARA - PR,PR,5,1.045,2822.398
HOSPITAL UNIVERSITARIO DA UFRJ,RJ,7,1.044,1496.398
HOSPITAL UNIVERSITÁRIO DO PIAUÍ,PI,8,1.044,716.12
PREFEITURA MUNICIPAL DE CACERES - MT,MT,5,1.044,2314.493
HOSPITAL DAS CLINICAS DE GOIÁS,GO,6,1.042,289.854
PREFEITURA MUNICIPAL DE CANDIBA - BA,BA,5,1.04,448.531
MEC-INSTITUTO DE PSIQUIATRIA DA UF/RJ,RJ,6,1.04,247.617
FUNDO ESTADUAL DE SAÚDE,SE,9,1.039,3107.807
PREFEITURA MUNICIPAL DE BOA VISTA DO TUPIM/BA,BA,9,1.039,5128.129
DIST. SANIT. ESP. INDIGENA PARINTINS,AM,6,1.039,839.848
PREFEITURA DO MUNICIPIO DE ARIQUEMES,RO,9,1.038,2559.64
PREFEITURA MUNICIPAL DE SAO JOSE DOS PINHAIS,PR,10,1.037,32789.624
EPA - SECRETARIA DE ESTADO DE SAÚDE,PA,6,1.035,1438.858
FUNDAÇAO MUNICIPAL DE SAUDE DE NITERÓI - RJ,RJ,7,1.034,36932.443
DISTRITO SANIT.ESP.INDIGENA - VILHENA - RO,RO,6,1.034,1227.143
PREFEITURA DE MUNCIPAL SAPEAÇU - BA,BA,8,1.033,2038.806
ERN - SECRETARIA DE ESTADO DA SAÚDE PÚBLICA,RN,6,1.032,1918.644
INSTITUTO NACIONAL DE TRAUMATO-ORTOPEDIA,RJ,9,1.031,1726.77
HOSPITAL UNIV. PROFESSOR ALBERTO ANTUNES,AL,9,1.029,106.777
CONSÓRCIO INTERMUN.DE SAÚDE DE PATO BRANCO-PR,PR,9,1.026,17004.079
FUNDO MUNICIPAL DE SAÚDE DE VOLTA REDONDA-RJ,RJ,11,1.024,13215.554
FUNDO MUNICIPAL DE SAUDE DE LIMOEIRO - PE,PE,8,1.02,5481.724
PREFEITURA MUNICIPAL DE CAXIAS DO SUL/RS,RS,9,1.02,15123.908
PREFEITURA MUNICIPAL DE CANTAGALO - RJ,RJ,9,1.019,1488.027
DISTRITO SANIT.ESP.INDÍGENA POTIGUARA,PB,8,1.015,699.814
INSTITUTO DE PESQUISAS EVANDRO CHAGAS - IPEC,RJ,9,1.015,5956.091
DISTRITO SANIT. ESP.INDIGENA - ALTAMIRA,PA,6,1.014,246.359
PREFEITURA MUNICIPAL DE UBERLâNDIA,MG,9,1.014,99252.063
FUNDO MUNICIPAL DE SAUDE DE NOVA IGUAÇU - RJ,RJ,6,1.013,11616.228
CENTRO DE AQUISIÇÕES ESPECIFICAS,RJ,9,1.012,1129.499
HOSPITAL DE GUARNICAO DE NATAL,RN,7,1.011,348.311
PREFEITURA MUNICIPAL DE MARAGOGIPE - BA,BA,6,1.009,30587.449
PREFEITURA MUNICIPAL GOVERNADOR MANGABEIRA-BA,BA,9,1.007,3575.395
MS-INSTITUTO FERNANDES FIGUEIRA/FIOCRUZ/RJ,RJ,9,1.006,3692.086
HOSPITAL MILITAR DE ÁREA DE RECIFE,PE,12,1.003,446.355
DISTRITO SANIT.ESP.INDÍGENA AL/SE,AL,16,1.002,1974.362
HOSPITAL GERAL DE BELEM,PA,12,1.002,441.556
DISTRITO SANIT.ESP.INDÍGENA - LESTE RR,RR,5,1.001,6388.89
HOSPITAL MILITAR DE ÁREA DE SÃO PAULO,SP,8,1.0,150.779
HOSPITAL GERAL DE IPANEMA,RJ,5,1.0,1704.394
FUNDO MUNICIPAL DE SAÚDE DE ITAPETIM - PE,PE,9,1.0,547.805
PREFEITURA MUNICIPAL DE FERNANDOPOLIS - SP,SP,9,0.996,5496.967
GRUPAMENTO DE APOIO DE SÃO PAULO,SP,5,0.988,31.611
PREFEITURA MUNICIPAL DE MARINGA - PR,PR,7,0.987,5417.951
38  BATALHAO DE INFANTARIA/MEX/ES,ES,5,0.987,775.132
PREFEITURA MUNICIPAL DE SANTA MARIA DO PARÁ,PA,7,0.984,19.287
GRUPAMENTO DE APOIO DE RECIFE,PE,5,0.984,18.509
HOSPITAL UNIVERSITÁRIO ONOFRE LOPES,RN,11,0.983,3926.157
PREFEITURA MUNICIPAL STO. ANTONIO DESCOBERTO,GO,6,0.982,1878.238
HOSPITAL MILITAR DE ÁREA DE CAMPO GRANDE,MS,5,0.982,48.176
DISTRITO SANIT.ESP.INDÍGENA - PERNAMBUCO,PE,6,0.98,356.711
PREFEITURA MUNICIPAL DE TIMOTEO - MG,MG,6,0.98,5228.554
PREFEITURA MUN. DE SAO JOSE DA BELA VISTA,SP,10,0.979,424.841
HOSPITAL DE DOENÇAS TROPICAIS,TO,7,0.979,221.763
HOSPITAL DAS CLINICAS DE PERNAMBUCO,PE,7,0.977,902.017
HOSPITAL NAVAL_DE SALVADOR,BA,9,0.976,86.811
HOSP ENS DR WASHINGTON ANTONIO BARROS,PE,9,0.971,144.416
SERVICO AUTONOMO MUNICIPAL DE SAUDE IBITINGA,SP,13,0.97,6350.264
DISTRITO SANIT. ESP.INDIGENA- KAIAPO REDENçãO,PA,9,0.968,583.299
MEX-COMANDO 4.BRIGADA CAVALARIA MECANIZADA/MS,MS,5,0.957,295.238
PREFEITURA MUNICIPAL DE JERÔNIMO MONTEIRO -ES,ES,5,0.957,1875.163
FUNDO MUNICIPAL DE SAUDE DE CATALAO - GO,GO,7,0.953,2129.752
PREFEITURA MUNICIPAL DE ASSIS - SP,SP,15,0.952,2682.395
PREFEITURA MUNICIPAL DE PONTE NOVA - MG,MG,9,0.948,275.7
PREFEITURA MUNICIPAL DE LONDRINA - PR,PR,6,0.945,9051.62
PREFEITURA MUNICIPAL DE CASCAVEL - PR,PR,15,0.944,13910.345
PREFEITURA MUNICIPAL DE FLEXEIRAS - AL,AL,8,0.943,107.331
PREFEITURA MUNICIPAL DE ITAUNA - MG,MG,5,0.942,534.639
COMANDO BRIGADA INFANTARIA PARAQUEDISTA/RJ,RJ,9,0.939,1937.628
HOSPITAL UNIV. Mª APARECIDA PEDROSSIAN,MS,10,0.937,149.098
HOSPITAL GERAL DE SALVADOR,BA,5,0.937,40.813
FUNDO ESTADUAL DE SAUDE DE MATO GROSSO,MT,10,0.936,335.169
HOSPITAL NAVAL DE NATAL,RN,5,0.934,0.536
PREFEITURA MUNICIPAL DE DOM MACEDO COSTA - BA,BA,9,0.932,0.0
HOSPITAL DE CLINICAS DO TRIANGULO MINEIRO,MG,12,0.923,196.841
PREF.MUN.DE PINHAL GRANDE,RS,9,0.921,100.0
PREFEITURA MUNICIPAL DE GOVERNADOR VALADARES,MG,7,0.918,1309.294
PREFEITURA MUNICIPAL DE ARAPUTANGA - MT,MT,6,0.917,89.585
SECRETARIA MUNICIPAL DE SAUDE DE CARUARU - PE,PE,11,0.912,9314.011
INSTITUTO PUERIC. PED MAT. GESTEIRA DA UFRJ,RJ,7,0.909,28.324
PREFEITURA MUNICIPAL DE NOVA SANTA ROSA - PR,PR,7,0.908,59.391
PREF.MUN. DE FRANCISCO BELTRAO - PR,PR,6,0.903,43.04
HOSPITAL ESCOLA DA UNIV. FEDERAL DE PELOTAS,RS,11,0.901,381.36
EBSERH - H U PROF POLYDORO ERNANI DE S THIAGO,SC,11,0.899,459.847
PREFEITURA MUNICIPAL DE CAPANEMA - PR,PR,5,0.897,0.0
PREFEITURA MUNICIPAL DE DONA FRANCISCA - RS,RS,9,0.895,47.592
PREFEITURA MUNICIPAL DE PLANALTO - PM,PR,6,0.895,77.012
HOSPITAL UNIVERSITÁRIO GAFFRÉE E GUINLE,RJ,8,0.894,50.387
PREFEITURA MUNICIPAL DE JAGUARIUNA - SP,SP,7,0.892,490.042
FUNDO MUNICIPAL DE SAÚDE DE NIQUELÂNDIA - GO,GO,9,0.888,538.862
PREFEITURA MUNICIPAL DE PEDREGULHO - SP,SP,12,0.887,119.191
MATERNIDADE ESCOLA JANUÁRIO CICCO,RN,6,0.884,253.337
PREFEITURA MUNICIPAL IMPERATRIZ - MA,MA,6,0.883,37875.737
PREFEITURA MUNICIPAL DE GOV. EDISON LOBÃO-MA,MA,6,0.882,156.503
PREFEITURA MUNICIPAL DE SANTA HELENA - PR,PR,6,0.881,262.099
PREFEITURA MUNICIPAL DE PEDERNEIRAS - SP,SP,12,0.88,6125.626
PREFEITURA MUNICIPAL DE BARRA BONITA - SP,SP,6,0.874,0.0
HOSPITAL NAVAL DE RECIFE,PE,5,0.873,0.0
PREFEITURA MUNICIPAL DE BOTUCATU,SP,5,0.869,1767.643
FUNDAçãO EST ATENçãO EM SAúDE EST DOPARANA,PR,9,0.869,0.0
PREFEITURA MUNICIPAL DE CANDÓI - PR,PR,7,0.863,253.522
EBSERH - FILIAL HOSP UNIV ALCIDES CARNEIRO,PB,6,0.862,70.536
PREFEITURA MUNICIPAL DE CAMBE - PR,PR,6,0.861,41.699
HOSPITAL UNIVERSITÁRIO DE SANTA MARIA,RS,9,0.86,95.928
PREFEITURA MUNICIPAL DE FORMOSA DO OESTE - PR,PR,9,0.841,0.0
PREFEITURA MUNUNICIPAL DE ENTRE RIOS DO OESTE,PR,9,0.84,0.0
PREFEITURA MUNICIPAL DE REALEZA - PR,PR,6,0.836,43.878
PREFEITURA MUNICIPAL DE MARMELEIRO - PR,PR,7,0.832,0.0
PREFEITURA MUNICIPAL DE GOIOERE - PR,PR,5,0.825,0.0
PREFEITURA MUNICIPAL DE BELO JARDIM,PE,7,0.825,418.049
PREFEITURA MUNICIPAL DE CORIBE - BA,BA,6,0.819,278.605
PREFEITURA MUNICIPAL DE VERA CRUZ DO OESTE-PR,PR,6,0.814,0.0
HOSPITAL GERAL DE CURITIBA,PR,7,0.808,95.983
HOSPITAL UNIV. DR. MIGUEL RIET CORREA JUNIOR,RS,5,0.805,436.716
PREFEITURA MUNICIPAL DE SABAUDIA - PR,PR,6,0.796,23.004
FUNDO MUNICIPAL DE SAUDE DE PAUDALHO - PE,PE,11,0.792,27649.11
PREFEITURA MUNICIPAL DE JANIOPOLIS - PR,PR,7,0.788,0.0
PREFEITURA MUNICIPAL DE MARIPA - PR,PR,9,0.784,0.0
HOSPITAL GERAL DE SANTA MARIA,RS,5,0.743,0.0
FUNDO MUNICIPAL DE SAÚDE DE CARPINA/PE,PE,6,0.702,953.188
