nomeUasg,estado,esferaDesc,n_itens,n_dispensas,valor_total,valor_dispensa,TCD_itens_pct,TCD_valor_pct
CAPITANIA DOS PORTOS DO ESTADO DA ALAGOAS,AL,Federal,3,3,400.0,400.0,100.0,100.0
CÂMARA MUNICIPAL DE SÃO PAULO,SP,Municipal,3,3,50.8,50.8,100.0,100.0
GRUPAMENTO DE NAVIOS HIDROCEANOGRAFICOS,RJ,Federal,5,5,421.0,421.0,100.0,100.0
INDUSTRIA DE MATERIAL BELICO DO BRASIL/FI,MG,Federal,3,3,2.5,2.5,100.0,100.0
CENTRO DE INTENDENCIA DA MARINHA NITEROI,RJ,Federal,4,3,483.5,447.5,75.0,92.55
19 BATALHAO DE INFANTARIA MOTORIZADO/RS,RS,Federal,3,2,1120.0,620.0,66.67,55.36
ESP-DEPTO.REG.SAUDE - DRS-IV BAIXADA SANTISTA,SP,Estadual,3,2,461.0,410.6,66.67,89.07
ESP-HOSP. CLIN FAC. MED. MARILIA - HC FAMEMA,SP,Estadual,4,2,3445.0,460.0,50.0,13.35
FUNDO MUNICIPAL DE SAÚDE DE CARPINA/PE,PE,Municipal,6,3,42000.0,13600.0,50.0,32.38
MEC-INSTITUTO DE PSIQUIATRIA DA UF/RJ,RJ,Não informado,6,2,5749.0,64.0,33.33,1.11
SECRETARIA MUNICIPAL DE SAUDE DE CARUARU - PE,PE,Municipal,11,3,184420.0,14850.0,27.27,8.05
ESCOLA DE ESPECIALISTAS DE AERONAUTICA,SP,Federal,4,1,1795.0,840.0,25.0,46.8
EMPRESA BRASILEIRA DE SERVIÇOS HOSPITALARES,MA,Federal,9,2,22505.48,160.0,22.22,0.71
PREFEITURA MUNICIPAL DO RIO DE JANEIRO - RJ,RJ,Municipal,16,3,8187404.21,393850.0,18.75,4.81
HOSPITAL UNIV DA UNIVERSIDADE FEDERAL AMAPA,AP,Federal,11,2,5939.7,223.4,18.18,3.76
EBSERH - HOSP. UNIV. ANTONIO PEDRO,RJ,Federal,6,1,75081.0,900.0,16.67,1.2
HOSPITAL DE GUARNICAO DE JOAO PESSOA,PB,Federal,6,1,1891.0,35.0,16.67,1.85
INSTITUTO PUERIC. PED MAT. GESTEIRA DA UFRJ,RJ,Não informado,7,1,6170.0,100.0,14.29,1.62
13 GRUPO DE ATILHARIA DE CAMPANHA/RS,RS,Federal,3,0,1540.0,0.0,0.0,0.0
15ª BRIGADA DE INFANTARIA MECANIZADA,PR,Federal,3,0,381.5,0.0,0.0,0.0
1A. BRIGADA DE INFANTARIA DE SELVA/RR,RR,Federal,5,0,5613.8,0.0,0.0,0.0
2 BATALHAO DE INFANTARIA LEVE,SP,Federal,3,0,11820.84,0.0,0.0,0.0
38  BATALHAO DE INFANTARIA/MEX/ES,ES,Federal,6,0,3900.0,0.0,0.0,0.0
4. BATALHAO DE INFANTARIA DE SELVA/MES/AC,AC,Federal,9,0,2229.0,0.0,0.0,0.0
5 BATALHAO DE ENGENHARIA DE CONSTRUCAO/RO,RO,Federal,3,0,825.0,0.0,0.0,0.0
7 REGIMENTO DE CAVALARIA MECANIZADO/RS,RS,Federal,5,0,679.3,0.0,0.0,0.0
8 BATALHAO DE ENGENHARIA DE CONSTRUCAO,PA,Federal,4,0,525.0,0.0,0.0,0.0
9 BATALHAO DE INFANTARIA MOTORIZADO/RS,RS,Federal,5,0,901.4,0.0,0.0,0.0
ACADEMIA DA FORCA AEREA,SP,Federal,4,0,1260.0,0.0,0.0,0.0
"AG. DE LICIT., CONT. E CONV. DE MACEIO",AL,Municipal,11,0,327989.62,0.0,0.0,0.0
AGENCIA DE MODERNIZACAO DA GEST. DE PROCESSOS,AL,Estadual,3,0,27386.76,0.0,0.0,0.0
AUTARQUIA MUN. DE SAUDE DE APUCARANA - PR,PR,Municipal,6,0,226120.0,0.0,0.0,0.0
BASE ADMINISTRATIVA DO COMPLEXO DE SAÚDE RJ,RJ,Federal,9,0,6346.9,0.0,0.0,0.0
BASE DE AVIACAO DE TAUBATE,SP,Federal,4,0,318.5,0.0,0.0,0.0
CENTRAL DE LICITACOES DA PREF. DE FORTALEZA,CE,Municipal,5,0,866469.6,0.0,0.0,0.0
CENTRO DE AQUISIÇÕES ESPECIFICAS,RJ,Federal,9,0,17185.74,0.0,0.0,0.0
CENTRO DE INTENDENCIA DA MARINHA EM MANAUS,AM,Federal,9,0,14370.28,0.0,0.0,0.0
CENTRO DE OBTENCAO DA MARINHA/RJ,RJ,Federal,12,0,421309.8,0.0,0.0,0.0
COMANDO 13 BDA DE INFANTARIA MOTORIZADA-ME/MT,MT,Federal,10,0,2849.01,0.0,0.0,0.0
COMANDO BRIGADA INFANTARIA PARAQUEDISTA/RJ,RJ,Federal,9,0,12254.64,0.0,0.0,0.0
COMANDO DA 18 BRIG DE INFANTARIA DE PANTANAL,MS,Federal,3,0,414.0,0.0,0.0,0.0
COMANDO DE FRONTEIRA RONDONIA/6 BIS/MEX/RO,RO,Federal,3,0,465.0,0.0,0.0,0.0
COMPLEXO HOSPITALAR DO CEARÁ,CE,Federal,7,0,13167.17,0.0,0.0,0.0
COMPLEXO HOSPITALAR E DE SAUDE DA UFBA,BA,Não informado,6,0,49095.0,0.0,0.0,0.0
COMPLEXO HOSPITALAR UNIVERSITÁRIO DA UFPA,PA,Federal,7,0,4979.3,0.0,0.0,0.0
COMPLEXO HOSPITALAR UNIVERSITÁRIO DA UFPR,PR,Federal,14,0,38891.0,0.0,0.0,0.0
CONSÓRCIO INT.DE SAÚDE DA R.DE U.CENTRO SUL,MG,Municipal,4,0,380.0,0.0,0.0,0.0
CONSÓRCIO INTERGESTORES PARANÁ SAÚDE/PR,PR,Municipal,5,0,4627600.0,0.0,0.0,0.0
CONSÓRCIO INTERMUN.DE SAÚDE DE PATO BRANCO-PR,PR,Municipal,10,0,460196.01,0.0,0.0,0.0
DEPARTAMENTO DE LOGÍSTICA EM SAUDE,DF,Federal,11,0,571945.0,0.0,0.0,0.0
DEPEN - DIRETORIA EXECUTIVA,DF,Federal,6,0,8637.4,0.0,0.0,0.0
DIST. SANIT. ESP. INDIGENA JAVARI,AM,Federal,3,0,2817.2,0.0,0.0,0.0
DIST. SANIT. ESP. INDIGENA PARINTINS,AM,Federal,6,0,15260.0,0.0,0.0,0.0
DIST. SANT. ESP. INDIGENA,MG,Federal,7,0,23600.0,0.0,0.0,0.0
DIST. SANTI. ESP.INDIGENA ALTO RIO NEGRO,AM,Federal,5,0,26084.0,0.0,0.0,0.0
DIST.SANIT.ESP.INDÍGENA MATO GROSSO DO SUL,MS,Federal,10,0,111671.6,0.0,0.0,0.0
DISTRITO SANIT. ESP.INDIGENA - ALTAMIRA,PA,Federal,6,0,9364.0,0.0,0.0,0.0
DISTRITO SANIT. ESP.INDIGENA- KAIAPO REDENçãO,PA,Federal,9,0,8030.0,0.0,0.0,0.0
DISTRITO SANIT.ESP. INDÍGENA - MARANHAO,MA,Federal,10,0,61751.5,0.0,0.0,0.0
DISTRITO SANIT.ESP.INDIGENA - MANAUS - AM,AM,Federal,6,0,43000.0,0.0,0.0,0.0
DISTRITO SANIT.ESP.INDIGENA - TAPAJOS - PA,PA,Federal,9,0,46708.94,0.0,0.0,0.0
DISTRITO SANIT.ESP.INDIGENA - VILHENA - RO,RO,Federal,6,0,10751.0,0.0,0.0,0.0
DISTRITO SANIT.ESP.INDIGENA MEDIO PURUS AM,AM,Federal,6,0,13640.0,0.0,0.0,0.0
DISTRITO SANIT.ESP.INDIGENA MEDIO SOLIMOES AM,AM,Federal,7,0,21950.0,0.0,0.0,0.0
DISTRITO SANIT.ESP.INDÍGENA - ALTO SOLIMOES,AM,Federal,8,0,26196.32,0.0,0.0,0.0
DISTRITO SANIT.ESP.INDÍGENA - ARAGUAIA,MT,Federal,3,0,2321.0,0.0,0.0,0.0
DISTRITO SANIT.ESP.INDÍGENA - CEARA,CE,Federal,5,0,19520.0,0.0,0.0,0.0
DISTRITO SANIT.ESP.INDÍGENA - INTERIOR SUL,SC,Federal,5,0,38410.0,0.0,0.0,0.0
DISTRITO SANIT.ESP.INDÍGENA - LESTE RR,RR,Federal,5,0,36100.0,0.0,0.0,0.0
DISTRITO SANIT.ESP.INDÍGENA - LITORAL SUL,PR,Federal,7,0,18360.09,0.0,0.0,0.0
DISTRITO SANIT.ESP.INDÍGENA - PERNAMBUCO,PE,Federal,7,0,34536.0,0.0,0.0,0.0
DISTRITO SANIT.ESP.INDÍGENA - PORTO VELHO,RO,Federal,6,0,20170.0,0.0,0.0,0.0
DISTRITO SANIT.ESP.INDÍGENA - TOCANTINS,TO,Federal,6,0,22430.0,0.0,0.0,0.0
DISTRITO SANIT.ESP.INDÍGENA - XAVANTE,MT,Federal,9,0,56493.3,0.0,0.0,0.0
DISTRITO SANIT.ESP.INDÍGENA - XINGU,MT,Federal,6,0,10126.0,0.0,0.0,0.0
DISTRITO SANIT.ESP.INDÍGENA - YANOMAMI,RR,Federal,6,0,37850.0,0.0,0.0,0.0
DISTRITO SANIT.ESP.INDÍGENA AL/SE,AL,Federal,16,0,31719.0,0.0,0.0,0.0
DISTRITO SANIT.ESP.INDÍGENA GUAMA TOCANTINS,PA,Federal,9,0,22306.0,0.0,0.0,0.0
DISTRITO SANIT.ESP.INDÍGENA POTIGUARA,PB,Federal,11,0,18455.0,0.0,0.0,0.0
DISTRITO SANIT.ESP.INDÍGENA- ALTO PURUS,AC,Federal,3,0,20719.0,0.0,0.0,0.0
DISTRITO SANITARIO ESP. INDIGENA - BAHIA,BA,Federal,6,0,27500.0,0.0,0.0,0.0
DISTRITO SANITÁRIO ESPECIAL INDÍGENA CUIABÁ,MT,Federal,3,0,4065.0,0.0,0.0,0.0
EAL- INTERM.DO SUL DO ESTADO DE ALAGOAS,AL,Estadual,5,0,681507.98,0.0,0.0,0.0
EBSERH - FILIAL HOSP UNIV ALCIDES CARNEIRO,PB,Federal,6,0,1270.0,0.0,0.0,0.0
EBSERH - H U PROF POLYDORO ERNANI DE S THIAGO,SC,Federal,11,0,13476.92,0.0,0.0,0.0
EES - SECRETARIA ESTADUAL DA SAUDE,ES,Estadual,6,0,1347538.1,0.0,0.0,0.0
EMA - SECRETARIA DE ESTADO DA SAÚDE,MA,Estadual,3,0,35100.0,0.0,0.0,0.0
EMPRESA BRASILEIRA DE SERVIÇOS HOSPITALARES,DF,Federal,10,0,233725.98,0.0,0.0,0.0
EPA - SECRETARIA DE ESTADO DE SAÚDE,PA,Estadual,6,0,28675.0,0.0,0.0,0.0
EPA-FUNDA. CENTRO HEMOT. E HEMATOLGIA DO PARÁ,PA,Estadual,5,0,18364.0,0.0,0.0,0.0
EPA-FUNDAÇÃO SANTA CASA MISERICORDIA DO PARÁ,PA,Estadual,6,0,28381.0,0.0,0.0,0.0
EPB-SECRETARIA ESTADO D ADMINISTRAÇÃO PARAIBA,PB,Estadual,3,0,7469.0,0.0,0.0,0.0
ERN - SECRETARIA DE ESTADO DA SAÚDE PÚBLICA,RN,Estadual,6,0,31974.0,0.0,0.0,0.0
ESE-CONSORCIO INTERM. VALE DO SAO FRANCISCO,SE,Municipal,5,0,525763.0,0.0,0.0,0.0
ESP-GABINETE DO COORDENADOR SEC. SAUDE 5,SP,Estadual,4,0,2620461.3,0.0,0.0,0.0
ESP-HOSPITAL DAS CLINICAS DE SAO PAULO,SP,Estadual,3,0,179570.38,0.0,0.0,0.0
ESP-HOSPITAL UNIVERSITÁRIO - USP,SP,Estadual,3,0,424.2,0.0,0.0,0.0
ESP-INST. ASSIST. MEDICA SERV. PUB. ESTADUAL,SP,Estadual,3,0,108075.6,0.0,0.0,0.0
ESP-INST. INFECTOLOGIA EMILIO RIBAS,SP,Estadual,3,0,2580.0,0.0,0.0,0.0
ESP-INSTITUTO DANTE PAZZANESE DE CARDIOLOGIA,SP,Estadual,3,0,2542.0,0.0,0.0,0.0
ETO - SECRETARIA DA SAUDE DO ESTADO,TO,Estadual,6,0,13420.8,0.0,0.0,0.0
FUND.PUBL.EST.HOSP.DE CLÍNICAS GASPAR VIANNA,PA,Estadual,8,0,6569.0,0.0,0.0,0.0
FUNDAÇAO MUNICIPAL DE SAUDE DE NITERÓI - RJ,RJ,Municipal,7,0,288714.0,0.0,0.0,0.0
FUNDAçãO EST ATENçãO EM SAúDE EST DOPARANA,PR,Municipal,9,0,6680.0,0.0,0.0,0.0
FUNDO ESTADUAL DE SAUDE DE MATO GROSSO,MT,Estadual,10,0,10504.76,0.0,0.0,0.0
FUNDO ESTADUAL DE SAUDE DO PARANA,PR,Estadual,3,0,12714.08,0.0,0.0,0.0
FUNDO ESTADUAL DE SAÚDE,SE,Estadual,9,0,46880.0,0.0,0.0,0.0
FUNDO MUN DE SAUDE DE VASSOURAS - RJ,RJ,Municipal,9,0,104162.1,0.0,0.0,0.0
FUNDO MUNICIPAL DE SAUDE DE CATALAO - GO,GO,Municipal,7,0,47340.0,0.0,0.0,0.0
FUNDO MUNICIPAL DE SAUDE DE GUARAI - TO,TO,Municipal,5,0,10032.0,0.0,0.0,0.0
FUNDO MUNICIPAL DE SAUDE DE INHUMAS - GO,GO,Municipal,3,0,37840.4,0.0,0.0,0.0
FUNDO MUNICIPAL DE SAUDE DE LIMOEIRO - PE,PE,Municipal,8,0,156200.0,0.0,0.0,0.0
FUNDO MUNICIPAL DE SAUDE DE MACAE - RJ,RJ,Municipal,6,0,137245.5,0.0,0.0,0.0
FUNDO MUNICIPAL DE SAUDE DE MARABA - PA,PA,Municipal,14,0,216020.3,0.0,0.0,0.0
FUNDO MUNICIPAL DE SAUDE DE MARITUBA - PA,PA,Municipal,4,0,81825.0,0.0,0.0,0.0
FUNDO MUNICIPAL DE SAUDE DE MENDES - RJ,RJ,Municipal,5,0,5831.8,0.0,0.0,0.0
FUNDO MUNICIPAL DE SAUDE DE NOVA IGUAÇU - RJ,RJ,Municipal,6,0,168282.88,0.0,0.0,0.0
FUNDO MUNICIPAL DE SAUDE DE PAUDALHO - PE,PE,Municipal,11,0,220200.0,0.0,0.0,0.0
FUNDO MUNICIPAL DE SAÚDE DE ANGRA DOS REIS,RJ,Municipal,4,0,101618.56,0.0,0.0,0.0
FUNDO MUNICIPAL DE SAÚDE DE CASIMIRO DE ABREU,RJ,Municipal,3,0,20400.0,0.0,0.0,0.0
FUNDO MUNICIPAL DE SAÚDE DE CASTANHAL - PA,PA,Municipal,6,0,128257.0,0.0,0.0,0.0
FUNDO MUNICIPAL DE SAÚDE DE ITAPETIM - PE,PE,Municipal,9,0,8993.0,0.0,0.0,0.0
FUNDO MUNICIPAL DE SAÚDE DE ITÁ - SC,SC,Municipal,3,0,1675.0,0.0,0.0,0.0
FUNDO MUNICIPAL DE SAÚDE DE NIQUELÂNDIA - GO,GO,Municipal,9,0,31712.0,0.0,0.0,0.0
FUNDO MUNICIPAL DE SAÚDE DE VOLTA REDONDA-RJ,RJ,Municipal,11,0,229102.88,0.0,0.0,0.0
GOVERNO DO ESTADO DO CEARÁ,CE,Estadual,14,0,5398561.68,0.0,0.0,0.0
GRUPAMENTO DE APOIO DE BELÉM,PA,Federal,7,0,1560.0,0.0,0.0,0.0
GRUPAMENTO DE APOIO DE CANOAS,RS,Federal,7,0,952.0,0.0,0.0,0.0
GRUPAMENTO DE APOIO DE RECIFE,PE,Federal,5,0,1343.0,0.0,0.0,0.0
GRUPAMENTO DE APOIO DE SÃO PAULO,SP,Federal,5,0,453.4,0.0,0.0,0.0
HOSP ENS DR WASHINGTON ANTONIO BARROS,PE,Federal,9,0,2565.0,0.0,0.0,0.0
HOSPITAL CENTRAL DO EXERCITO/RJ,RJ,Federal,3,0,4888.0,0.0,0.0,0.0
HOSPITAL DA G. S. GABRIEL DA CACHOEIRA,AM,Federal,5,0,1471.0,0.0,0.0,0.0
HOSPITAL DA GUARNICAO DE ALEGRETE/RS,RS,Federal,3,0,2547.1,0.0,0.0,0.0
HOSPITAL DA GUARNICAO DE FLORIANOPOLIS,SC,Federal,6,0,1560.2,0.0,0.0,0.0
HOSPITAL DAS CLIN DA UNIV FED DE UBERLÂNDIA,MG,Federal,8,0,16890.0,0.0,0.0,0.0
HOSPITAL DAS CLINICAS DE GOIÁS,GO,Federal,6,0,4377.0,0.0,0.0,0.0
HOSPITAL DAS CLINICAS DE PERNAMBUCO,PE,Federal,7,0,39332.0,0.0,0.0,0.0
HOSPITAL DAS CLÍNICAS DE MINAS GERAIS,MG,Federal,7,0,94849.36,0.0,0.0,0.0
HOSPITAL DAS FORCAS ARMADAS,DF,Federal,9,0,2745.92,0.0,0.0,0.0
HOSPITAL DE CLINICAS DO TRIANGULO MINEIRO,MG,Federal,12,0,27266.76,0.0,0.0,0.0
HOSPITAL DE DOENÇAS TROPICAIS,TO,Federal,7,0,910.0,0.0,0.0,0.0
HOSPITAL DE GUARNICAO DE BAGE/RS,RS,Federal,4,0,576.5,0.0,0.0,0.0
HOSPITAL DE GUARNICAO DE MARABA,PA,Federal,6,0,2097.5,0.0,0.0,0.0
HOSPITAL DE GUARNICAO DE NATAL,RN,Federal,7,0,4399.0,0.0,0.0,0.0
HOSPITAL DE GUARNICAO DE PORTO VELHO-MEX/RO,RO,Federal,8,0,1917.32,0.0,0.0,0.0
HOSPITAL DE GUARNICAO DE SANTIAGO/RS,RS,Federal,8,0,2927.0,0.0,0.0,0.0
HOSPITAL DE GUARNICAO DE TABATINGA/MEX/AM,AM,Federal,7,0,5282.0,0.0,0.0,0.0
HOSPITAL ESCOLA DA UNIV. FEDERAL DE PELOTAS,RS,Federal,12,0,8290.0,0.0,0.0,0.0
HOSPITAL GERAL DE BELEM,PA,Federal,12,0,5248.2,0.0,0.0,0.0
HOSPITAL GERAL DE CURITIBA,PR,Federal,7,0,1779.5,0.0,0.0,0.0
HOSPITAL GERAL DE FORTALEZA/MEX - CE,CE,Federal,6,0,3192.0,0.0,0.0,0.0
HOSPITAL GERAL DE IPANEMA,RJ,Federal,5,0,34042.76,0.0,0.0,0.0
HOSPITAL GERAL DE JUIZ DE FORA,MG,Federal,4,0,1445.4,0.0,0.0,0.0
HOSPITAL GERAL DE SALVADOR,BA,Federal,5,0,1076.0,0.0,0.0,0.0
HOSPITAL GERAL DE SANTA MARIA,RS,Federal,6,0,1729.92,0.0,0.0,0.0
HOSPITAL MILITAR DE ÁREA DE BRASÍLIA,DF,Federal,5,0,419.75,0.0,0.0,0.0
HOSPITAL MILITAR DE ÁREA DE CAMPO GRANDE,MS,Federal,5,0,4878.74,0.0,0.0,0.0
HOSPITAL MILITAR DE ÁREA DE MANAUS,AM,Federal,9,0,5761.9,0.0,0.0,0.0
HOSPITAL MILITAR DE ÁREA DE PORTO ALEGRE,RS,Federal,13,0,7595.23,0.0,0.0,0.0
HOSPITAL MILITAR DE ÁREA DE RECIFE,PE,Federal,12,0,12079.28,0.0,0.0,0.0
HOSPITAL MILITAR DE ÁREA DE SÃO PAULO,SP,Federal,10,0,2065.88,0.0,0.0,0.0
HOSPITAL MUNICIPAL DR. TABAJARA RAMOS-M.GUAÇU,SP,Municipal,3,0,628.0,0.0,0.0,0.0
HOSPITAL NAVAL DE BELEM,PA,Federal,5,0,4073.0,0.0,0.0,0.0
HOSPITAL NAVAL DE NATAL,RN,Federal,5,0,2853.0,0.0,0.0,0.0
HOSPITAL NAVAL DE RECIFE,PE,Federal,5,0,1798.0,0.0,0.0,0.0
HOSPITAL NAVAL_DE SALVADOR,BA,Federal,9,0,1195.0,0.0,0.0,0.0
HOSPITAL U. CASSIANO ANTONIO DE MORAIS,ES,Federal,8,0,10160.0,0.0,0.0,0.0
HOSPITAL UNIV JULIO MARIA BANDEIRA DE MELLO,PB,Federal,4,0,350.0,0.0,0.0,0.0
HOSPITAL UNIV. DR. MIGUEL RIET CORREA JUNIOR,RS,Federal,5,0,2296.0,0.0,0.0,0.0
HOSPITAL UNIV. MONS. JOÃO B. DE CARVALHO D.,SE,Federal,12,0,34335.0,0.0,0.0,0.0
HOSPITAL UNIV. Mª APARECIDA PEDROSSIAN,MS,Federal,11,0,7407.9,0.0,0.0,0.0
HOSPITAL UNIV. PROFESSOR ALBERTO ANTUNES,AL,Federal,12,0,2371.6,0.0,0.0,0.0
HOSPITAL UNIVERSITARIO DA UFRJ,RJ,Não informado,7,0,44715.79,0.0,0.0,0.0
HOSPITAL UNIVERSITARIO DE SÃO CARLOS,SP,Federal,5,0,2024.0,0.0,0.0,0.0
HOSPITAL UNIVERSITARIO PROF. EDGARD SANTOS,BA,Federal,4,0,24438.0,0.0,0.0,0.0
HOSPITAL UNIVERSITÁRIO ANA BEZERRA,RN,Federal,4,0,350.0,0.0,0.0,0.0
HOSPITAL UNIVERSITÁRIO DE BRASÍLIA,DF,Federal,9,0,15598.8,0.0,0.0,0.0
HOSPITAL UNIVERSITÁRIO DE JUIZ DE FORA,MG,Federal,9,0,2899.0,0.0,0.0,0.0
HOSPITAL UNIVERSITÁRIO DE SANTA MARIA,RS,Federal,9,0,11222.14,0.0,0.0,0.0
HOSPITAL UNIVERSITÁRIO DE SERGIPE,SE,Federal,8,0,17146.5,0.0,0.0,0.0
HOSPITAL UNIVERSITÁRIO DO PIAUÍ,PI,Federal,9,0,11585.0,0.0,0.0,0.0
HOSPITAL UNIVERSITÁRIO GAFFRÉE E GUINLE,RJ,Federal,8,0,2078.0,0.0,0.0,0.0
HOSPITAL UNIVERSITÁRIO GETÚLIO VARGAS,AM,Federal,8,0,2719.0,0.0,0.0,0.0
HOSPITAL UNIVERSITÁRIO GRANDE DOURADOS,MS,Federal,5,0,1635.33,0.0,0.0,0.0
HOSPITAL UNIVERSITÁRIO JÚLIO MULLER,MT,Federal,9,0,20503.5,0.0,0.0,0.0
HOSPITAL UNIVERSITÁRIO ONOFRE LOPES,RN,Federal,11,0,33811.0,0.0,0.0,0.0
"INST.FED.DE EDUC., CIENCIA E TEC. GOIANO",GO,Federal,3,0,89.5,0.0,0.0,0.0
INSTITUTO DE PESQUISAS EVANDRO CHAGAS - IPEC,RJ,Não informado,9,0,92990.0,0.0,0.0,0.0
INSTITUTO NACIONAL DE CARDIOLOGIA,RJ,Federal,10,0,52323.0,0.0,0.0,0.0
INSTITUTO NACIONAL DE TRAUMATO-ORTOPEDIA,RJ,Federal,10,0,43372.52,0.0,0.0,0.0
INSTITUTO NACIONAL DO CANCER - RJ,RJ,Federal,12,0,368663.53,0.0,0.0,0.0
MATERNIDADE CLIMÉRIO DE OLIVEIRA,BA,Federal,6,0,19832.7,0.0,0.0,0.0
MATERNIDADE ESCOLA DA UFRJ,RJ,Não informado,3,0,406.0,0.0,0.0,0.0
MATERNIDADE ESCOLA JANUÁRIO CICCO,RN,Federal,6,0,5521.0,0.0,0.0,0.0
MEC-UFRRJ-UNIV.FED.RURAL DO R.DE JANEIRO/RJ,RJ,Não informado,4,0,1094.0,0.0,0.0,0.0
MEX-COMANDO 4.BRIGADA CAVALARIA MECANIZADA/MS,MS,Federal,5,0,1591.0,0.0,0.0,0.0
MS-INSTITUTO FERNANDES FIGUEIRA/FIOCRUZ/RJ,RJ,Não informado,9,0,35225.38,0.0,0.0,0.0
PMRO-PREFEITURA MUNICIPAL DE PORTO VELHO - RO,RO,Municipal,3,0,91710.0,0.0,0.0,0.0
PMSP - SECRETARIA MUNICIPAL DE SAÚDE,SP,Municipal,7,0,3841347.6,0.0,0.0,0.0
PREF.MUN. DE FRANCISCO BELTRAO - PR,PR,Municipal,11,0,156200.0,0.0,0.0,0.0
PREF.MUN.DE PINHAL GRANDE,RS,Municipal,9,0,25800.0,0.0,0.0,0.0
PREFEITUA MUNICIPAL DE ARAPONGAS - PR,PR,Municipal,4,0,55740.0,0.0,0.0,0.0
PREFEITURA DE MUNCIPAL SAPEAÇU - BA,BA,Municipal,8,0,39500.0,0.0,0.0,0.0
PREFEITURA DO MUNICIPIO DE ARIQUEMES,RO,Municipal,9,0,57984.0,0.0,0.0,0.0
PREFEITURA MUN. DE SAO JOSE DA BELA VISTA,SP,Municipal,10,0,17687.5,0.0,0.0,0.0
PREFEITURA MUN. DE TERRA ROXA - PR,PR,Municipal,3,0,3280.0,0.0,0.0,0.0
PREFEITURA MUN.DE SANTO A.DO SUDOESTE - PR,PR,Municipal,3,0,20000.0,0.0,0.0,0.0
PREFEITURA MUNCIPAL DE BELA VISTA - MS,MS,Municipal,3,0,13520.0,0.0,0.0,0.0
PREFEITURA MUNI DE SALINAS DA MARGARIDA,BA,Municipal,3,0,12300.0,0.0,0.0,0.0
PREFEITURA MUNICIPAL  DE LARANJAL PAULISTA-SP,SP,Municipal,3,0,13000.0,0.0,0.0,0.0
PREFEITURA MUNICIPAL BOM JESUS DO ITABAPOANA,RJ,Municipal,4,0,20514.0,0.0,0.0,0.0
PREFEITURA MUNICIPAL CABACEIRAS DO PARAGUAÇU,BA,Municipal,4,0,5235.0,0.0,0.0,0.0
PREFEITURA MUNICIPAL CABO DE STO AGOSTINHO-PE,PE,Municipal,5,0,130600.0,0.0,0.0,0.0
PREFEITURA MUNICIPAL CONCEICAO DO CASTELO -ES,ES,Municipal,4,0,8220.0,0.0,0.0,0.0
PREFEITURA MUNICIPAL DE ACARÁ - PA,PA,Municipal,9,0,238585.0,0.0,0.0,0.0
PREFEITURA MUNICIPAL DE ALEGRE - ES,ES,Municipal,3,0,37500.0,0.0,0.0,0.0
PREFEITURA MUNICIPAL DE ALHANDRA - PB,PB,Municipal,6,0,594000.0,0.0,0.0,0.0
PREFEITURA MUNICIPAL DE AMAJARI - RR,RR,Municipal,3,0,11190.0,0.0,0.0,0.0
PREFEITURA MUNICIPAL DE ARAIOSES - MA,MA,Municipal,3,0,12510.0,0.0,0.0,0.0
PREFEITURA MUNICIPAL DE ARAPUTANGA - MT,MT,Municipal,6,0,9540.0,0.0,0.0,0.0
PREFEITURA MUNICIPAL DE ARAUCÁRIA - PR,PR,Municipal,4,0,271600.0,0.0,0.0,0.0
PREFEITURA MUNICIPAL DE ASSIS - SP,SP,Municipal,17,0,131647.0,0.0,0.0,0.0
PREFEITURA MUNICIPAL DE BARCARENA - PA,PA,Municipal,11,0,166883.28,0.0,0.0,0.0
PREFEITURA MUNICIPAL DE BARRA BONITA - SP,SP,Municipal,6,0,57270.0,0.0,0.0,0.0
PREFEITURA MUNICIPAL DE BAURU - SP,SP,Municipal,4,0,116615.16,0.0,0.0,0.0
PREFEITURA MUNICIPAL DE BELO HORIZONTE - MG,MG,Municipal,3,0,793485.0,0.0,0.0,0.0
PREFEITURA MUNICIPAL DE BELO JARDIM,PE,Municipal,7,0,18180.0,0.0,0.0,0.0
PREFEITURA MUNICIPAL DE BELTERRA - PA,PA,Municipal,5,0,45732.0,0.0,0.0,0.0
PREFEITURA MUNICIPAL DE BEZERROS - PE,PE,Municipal,7,0,64996.16,0.0,0.0,0.0
PREFEITURA MUNICIPAL DE BOA VISTA - RR,RR,Municipal,6,0,257300.0,0.0,0.0,0.0
PREFEITURA MUNICIPAL DE BOA VISTA DO TUPIM/BA,BA,Municipal,12,0,23591.4,0.0,0.0,0.0
PREFEITURA MUNICIPAL DE BONITO - PA,PA,Municipal,4,0,13650.0,0.0,0.0,0.0
PREFEITURA MUNICIPAL DE BORACÉIA - SP,SP,Municipal,4,0,5740.0,0.0,0.0,0.0
PREFEITURA MUNICIPAL DE BOTUCATU,SP,Municipal,5,0,131107.0,0.0,0.0,0.0
PREFEITURA MUNICIPAL DE BRAS PIRES - MG,MG,Municipal,5,0,9700.0,0.0,0.0,0.0
PREFEITURA MUNICIPAL DE BRASILEIA - AC,AC,Municipal,3,0,10310.0,0.0,0.0,0.0
PREFEITURA MUNICIPAL DE BURITAMA,SP,Municipal,4,0,4083.85,0.0,0.0,0.0
PREFEITURA MUNICIPAL DE BURITIS - RO,RO,Municipal,5,0,14360.0,0.0,0.0,0.0
PREFEITURA MUNICIPAL DE CACERES - MT,MT,Municipal,6,0,50825.0,0.0,0.0,0.0
PREFEITURA MUNICIPAL DE CALIFORNIA - PR,PR,Municipal,3,0,2080.0,0.0,0.0,0.0
PREFEITURA MUNICIPAL DE CAMBE - PR,PR,Municipal,6,0,22640.0,0.0,0.0,0.0
PREFEITURA MUNICIPAL DE CAMPINA GRANDE - PB,PB,Municipal,3,0,132000.0,0.0,0.0,0.0
PREFEITURA MUNICIPAL DE CAMPINAS - SP,SP,Municipal,5,0,464031.25,0.0,0.0,0.0
PREFEITURA MUNICIPAL DE CAMPO BELO-MG,MG,Municipal,3,0,14160.0,0.0,0.0,0.0
PREFEITURA MUNICIPAL DE CANDIBA - BA,BA,Municipal,7,0,4814.0,0.0,0.0,0.0
PREFEITURA MUNICIPAL DE CANDÓI - PR,PR,Municipal,7,0,10500.0,0.0,0.0,0.0
PREFEITURA MUNICIPAL DE CANTAGALO - RJ,RJ,Municipal,9,0,24464.0,0.0,0.0,0.0
PREFEITURA MUNICIPAL DE CAPANEMA - PR,PR,Municipal,5,0,17050.0,0.0,0.0,0.0
PREFEITURA MUNICIPAL DE CAPELA - AL,AL,Municipal,7,0,21410.0,0.0,0.0,0.0
PREFEITURA MUNICIPAL DE CARAUBAS - RN,RN,Municipal,4,0,14000.0,0.0,0.0,0.0
PREFEITURA MUNICIPAL DE CARLOS CHAGAS - MG,MG,Municipal,3,0,2544.3,0.0,0.0,0.0
PREFEITURA MUNICIPAL DE CASCAVEL - PR,PR,Municipal,15,0,461653.6,0.0,0.0,0.0
PREFEITURA MUNICIPAL DE CATAGUASES - MG,MG,Municipal,11,0,248830.0,0.0,0.0,0.0
PREFEITURA MUNICIPAL DE CAXIAS DO SUL/RS,RS,Municipal,9,0,432820.0,0.0,0.0,0.0
PREFEITURA MUNICIPAL DE CODAJÁS - AM,AM,Municipal,3,0,19800.0,0.0,0.0,0.0
PREFEITURA MUNICIPAL DE CORIBE - BA,BA,Municipal,7,0,12320.0,0.0,0.0,0.0
PREFEITURA MUNICIPAL DE CORRENTINA - BA,BA,Municipal,4,0,24300.0,0.0,0.0,0.0
PREFEITURA MUNICIPAL DE CÂNDIDO MENDES - MA,MA,Municipal,4,0,7835.0,0.0,0.0,0.0
PREFEITURA MUNICIPAL DE DIVINÓPOLIS - MG,MG,Municipal,4,0,17400.0,0.0,0.0,0.0
PREFEITURA MUNICIPAL DE DOIS VIZINHOS - PR,PR,Municipal,4,0,8850.0,0.0,0.0,0.0
PREFEITURA MUNICIPAL DE DOM BASILIO,BA,Municipal,6,0,14632.5,0.0,0.0,0.0
PREFEITURA MUNICIPAL DE DOM MACEDO COSTA - BA,BA,Municipal,9,0,4880.0,0.0,0.0,0.0
PREFEITURA MUNICIPAL DE DONA FRANCISCA - RS,RS,Municipal,9,0,5410.0,0.0,0.0,0.0
PREFEITURA MUNICIPAL DE FERNANDOPOLIS - SP,SP,Municipal,9,0,186200.0,0.0,0.0,0.0
PREFEITURA MUNICIPAL DE FLEXEIRAS - AL,AL,Municipal,9,0,83540.0,0.0,0.0,0.0
PREFEITURA MUNICIPAL DE FLORAI - PR,PR,Municipal,4,0,3180.0,0.0,0.0,0.0
PREFEITURA MUNICIPAL DE FORMOSA DO OESTE - PR,PR,Municipal,9,0,3910.0,0.0,0.0,0.0
PREFEITURA MUNICIPAL DE FOZ DO IGUAÇU - PR,PR,Municipal,3,0,61200.0,0.0,0.0,0.0
PREFEITURA MUNICIPAL DE GOIANDIRA - GO,GO,Municipal,3,0,3850.0,0.0,0.0,0.0
PREFEITURA MUNICIPAL DE GOIOERE - PR,PR,Municipal,5,0,3600.0,0.0,0.0,0.0
PREFEITURA MUNICIPAL DE GOV. EDISON LOBÃO-MA,MA,Municipal,6,0,2400.0,0.0,0.0,0.0
PREFEITURA MUNICIPAL DE GOVERNADOR VALADARES,MG,Municipal,8,0,26670.0,0.0,0.0,0.0
PREFEITURA MUNICIPAL DE GUAMARÉ - RN,RN,Municipal,5,0,22840.0,0.0,0.0,0.0
PREFEITURA MUNICIPAL DE GUARACIABA - MG,MG,Municipal,3,0,6200.0,0.0,0.0,0.0
PREFEITURA MUNICIPAL DE GUARUJÁ - SP,SP,Municipal,3,0,103100.0,0.0,0.0,0.0
PREFEITURA MUNICIPAL DE GUARULHOS - SP,SP,Municipal,3,0,397300.0,0.0,0.0,0.0
PREFEITURA MUNICIPAL DE HORIZONTE - CE,CE,Municipal,4,0,4464.0,0.0,0.0,0.0
PREFEITURA MUNICIPAL DE IRANDUBA - AM,AM,Municipal,3,0,90200.0,0.0,0.0,0.0
PREFEITURA MUNICIPAL DE ITABERAÍ - GO,GO,Municipal,6,0,17041.4,0.0,0.0,0.0
PREFEITURA MUNICIPAL DE ITAUNA - MG,MG,Municipal,5,0,59660.0,0.0,0.0,0.0
PREFEITURA MUNICIPAL DE JABORANDI - BA,BA,Municipal,8,0,43630.0,0.0,0.0,0.0
PREFEITURA MUNICIPAL DE JACAREÍ - SP,SP,Municipal,3,0,146750.0,0.0,0.0,0.0
PREFEITURA MUNICIPAL DE JAGUARIUNA - SP,SP,Municipal,7,0,55490.0,0.0,0.0,0.0
PREFEITURA MUNICIPAL DE JANIOPOLIS - PR,PR,Municipal,7,0,2007.04,0.0,0.0,0.0
PREFEITURA MUNICIPAL DE JERÔNIMO MONTEIRO -ES,ES,Municipal,5,0,24100.0,0.0,0.0,0.0
PREFEITURA MUNICIPAL DE JI-PARANÁ - RO,RO,Municipal,7,0,392879.0,0.0,0.0,0.0
PREFEITURA MUNICIPAL DE JOINVILLE - SC,SC,Municipal,5,0,523080.0,0.0,0.0,0.0
PREFEITURA MUNICIPAL DE LAGOA REAL - BA,BA,Municipal,3,0,6450.0,0.0,0.0,0.0
PREFEITURA MUNICIPAL DE LAJE - BA,BA,Municipal,4,0,7120.0,0.0,0.0,0.0
PREFEITURA MUNICIPAL DE LENÇÓIS PAULISTA - SP,SP,Municipal,4,0,34940.0,0.0,0.0,0.0
PREFEITURA MUNICIPAL DE LONDRINA - PR,PR,Municipal,7,0,339625.0,0.0,0.0,0.0
PREFEITURA MUNICIPAL DE MACIONÍLIO SOUZA - BA,BA,Municipal,3,0,6330.0,0.0,0.0,0.0
PREFEITURA MUNICIPAL DE MARAGOGIPE - BA,BA,Municipal,7,0,125600.0,0.0,0.0,0.0
PREFEITURA MUNICIPAL DE MARICA - RJ,RJ,Municipal,3,0,94752.0,0.0,0.0,0.0
PREFEITURA MUNICIPAL DE MARINGA - PR,PR,Municipal,7,0,293079.56,0.0,0.0,0.0
PREFEITURA MUNICIPAL DE MARIPA - PR,PR,Municipal,9,0,7896.0,0.0,0.0,0.0
PREFEITURA MUNICIPAL DE MARMELEIRO - PR,PR,Municipal,8,0,30790.0,0.0,0.0,0.0
PREFEITURA MUNICIPAL DE MOJI-GUACU -S SP,SP,Municipal,3,0,39100.0,0.0,0.0,0.0
PREFEITURA MUNICIPAL DE MONTE ALEGRE - PA,PA,Municipal,4,0,58610.0,0.0,0.0,0.0
PREFEITURA MUNICIPAL DE MONTE ALTO - SP,SP,Municipal,4,0,23340.0,0.0,0.0,0.0
PREFEITURA MUNICIPAL DE NOVA FRIBURGO - RJ,RJ,Municipal,13,0,183198.2,0.0,0.0,0.0
PREFEITURA MUNICIPAL DE NOVA SANTA ROSA - PR,PR,Municipal,7,0,6610.0,0.0,0.0,0.0
PREFEITURA MUNICIPAL DE NOVA TIMBOTEUA - PA,PA,Municipal,6,0,21560.0,0.0,0.0,0.0
PREFEITURA MUNICIPAL DE PARAUAPEBAS - PA,PA,Municipal,4,0,88868.62,0.0,0.0,0.0
PREFEITURA MUNICIPAL DE PAULO AFONSO - BA,BA,Municipal,9,0,89655.0,0.0,0.0,0.0
PREFEITURA MUNICIPAL DE PEDERNEIRAS - SP,SP,Municipal,12,0,114020.0,0.0,0.0,0.0
PREFEITURA MUNICIPAL DE PEDREGULHO - SP,SP,Municipal,12,0,26875.0,0.0,0.0,0.0
PREFEITURA MUNICIPAL DE PEDREIRA - SP,SP,Municipal,3,0,27309.6,0.0,0.0,0.0
PREFEITURA MUNICIPAL DE PEROLA D'OESTE - PR,PR,Municipal,3,0,2278.0,0.0,0.0,0.0
PREFEITURA MUNICIPAL DE PINHAIS - PR,PR,Municipal,6,0,91600.0,0.0,0.0,0.0
PREFEITURA MUNICIPAL DE PINHEIRO - MA,MA,Municipal,3,0,57090.0,0.0,0.0,0.0
PREFEITURA MUNICIPAL DE PIRACANJUBA - GO,GO,Municipal,4,0,17118.0,0.0,0.0,0.0
PREFEITURA MUNICIPAL DE PIRANGA - MG,MG,Municipal,4,0,5760.0,0.0,0.0,0.0
PREFEITURA MUNICIPAL DE PIRAQUARA - PR,PR,Municipal,5,0,24830.0,0.0,0.0,0.0
PREFEITURA MUNICIPAL DE PLACIDO DE CASTRO-AC,AC,Municipal,3,0,13140.0,0.0,0.0,0.0
PREFEITURA MUNICIPAL DE PLANALTO - PM,PR,Municipal,6,0,6010.0,0.0,0.0,0.0
PREFEITURA MUNICIPAL DE PONTE NOVA - MG,MG,Municipal,9,0,99450.0,0.0,0.0,0.0
PREFEITURA MUNICIPAL DE PORTO REAL,RJ,Municipal,3,0,24286.5,0.0,0.0,0.0
PREFEITURA MUNICIPAL DE PROTÁSIO ALVES - RS,RS,Municipal,3,0,875.2,0.0,0.0,0.0
PREFEITURA MUNICIPAL DE REALEZA - PR,PR,Municipal,6,0,17700.0,0.0,0.0,0.0
PREFEITURA MUNICIPAL DE RIBEIRAO PRETO - SP,SP,Municipal,3,0,294600.0,0.0,0.0,0.0
PREFEITURA MUNICIPAL DE RIO DAS OSTRAS - RJ,RJ,Municipal,3,0,17160.0,0.0,0.0,0.0
PREFEITURA MUNICIPAL DE RIO LARGO - AL,AL,Municipal,4,0,34760.0,0.0,0.0,0.0
PREFEITURA MUNICIPAL DE S.DOMINGOS DO AZEITAO,MA,Municipal,3,0,6024.0,0.0,0.0,0.0
PREFEITURA MUNICIPAL DE SABAUDIA - PR,PR,Municipal,6,0,1550.0,0.0,0.0,0.0
PREFEITURA MUNICIPAL DE SALGADO FILHO/PR,PR,Municipal,3,0,185.0,0.0,0.0,0.0
PREFEITURA MUNICIPAL DE SANTA FÉ DO SUL - SP,SP,Municipal,3,0,15280.0,0.0,0.0,0.0
PREFEITURA MUNICIPAL DE SANTA HELENA - PR,PR,Municipal,6,0,9740.0,0.0,0.0,0.0
PREFEITURA MUNICIPAL DE SANTA INES - MA,MA,Municipal,7,0,74876.0,0.0,0.0,0.0
PREFEITURA MUNICIPAL DE SANTA LUZIA - MG,MG,Municipal,4,0,191575.2,0.0,0.0,0.0
PREFEITURA MUNICIPAL DE SANTA MARIA DO PARÁ,PA,Municipal,9,0,16575.2,0.0,0.0,0.0
PREFEITURA MUNICIPAL DE SANTA MARIA/RS,RS,Municipal,9,0,239500.0,0.0,0.0,0.0
PREFEITURA MUNICIPAL DE SAO JOSE DOS PINHAIS,PR,Municipal,10,0,310000.0,0.0,0.0,0.0
PREFEITURA MUNICIPAL DE SILVES - AM,AM,Municipal,9,0,25530.0,0.0,0.0,0.0
PREFEITURA MUNICIPAL DE SIQUEIRA CAMPOS - PR,PR,Municipal,3,0,237.0,0.0,0.0,0.0
PREFEITURA MUNICIPAL DE SOBRADINHO - BA,BA,Municipal,3,0,61900.0,0.0,0.0,0.0
PREFEITURA MUNICIPAL DE STA RITA ARAGUAIA-GO,GO,Municipal,3,0,875.0,0.0,0.0,0.0
PREFEITURA MUNICIPAL DE SÃO BENTO - PB,PB,Municipal,7,0,41551.92,0.0,0.0,0.0
PREFEITURA MUNICIPAL DE SÃO JOÃO DA BALIZA-RR,RR,Municipal,3,0,1514.8,0.0,0.0,0.0
PREFEITURA MUNICIPAL DE SÃO LUÍS - MA,MA,Municipal,20,0,256889.0,0.0,0.0,0.0
PREFEITURA MUNICIPAL DE SÃO VICENTE DO SUL-RS,RS,Municipal,3,0,6900.0,0.0,0.0,0.0
PREFEITURA MUNICIPAL DE TABATINGA - AM,AM,Municipal,3,0,42400.0,0.0,0.0,0.0
PREFEITURA MUNICIPAL DE TANGARÁ DA SERRA/MT,MT,Municipal,3,0,26090.0,0.0,0.0,0.0
PREFEITURA MUNICIPAL DE TARAUACA - AC,AC,Municipal,3,0,85900.0,0.0,0.0,0.0
PREFEITURA MUNICIPAL DE TEIXEIRA SOARES - PR,PR,Municipal,3,0,680.0,0.0,0.0,0.0
PREFEITURA MUNICIPAL DE TERESOPOLIS - RJ,RJ,Municipal,9,0,59300.0,0.0,0.0,0.0
PREFEITURA MUNICIPAL DE TIMOTEO - MG,MG,Municipal,6,0,45145.0,0.0,0.0,0.0
PREFEITURA MUNICIPAL DE TRES RIOS - RJ,RJ,Municipal,3,0,31600.0,0.0,0.0,0.0
PREFEITURA MUNICIPAL DE UBERLâNDIA,MG,Municipal,9,0,1464000.0,0.0,0.0,0.0
PREFEITURA MUNICIPAL DE UIRAMUTA - RR,RR,Municipal,5,0,13892.0,0.0,0.0,0.0
PREFEITURA MUNICIPAL DE UNIAO DOS PALMARES-AL,AL,Municipal,3,0,66000.0,0.0,0.0,0.0
PREFEITURA MUNICIPAL DE VALINHOS - SP,SP,Municipal,3,0,63873.0,0.0,0.0,0.0
PREFEITURA MUNICIPAL DE VARZEDO - BA,BA,Municipal,9,0,27616.0,0.0,0.0,0.0
PREFEITURA MUNICIPAL DE VERA CRUZ DO OESTE-PR,PR,Municipal,6,0,3650.0,0.0,0.0,0.0
PREFEITURA MUNICIPAL GOVERNADOR MANGABEIRA-BA,BA,Municipal,9,0,28385.0,0.0,0.0,0.0
PREFEITURA MUNICIPAL IMPERATRIZ - MA,MA,Municipal,6,0,170697.0,0.0,0.0,0.0
PREFEITURA MUNICIPAL PRES.CASTELO BRANCO - PR,PR,Municipal,3,0,6350.0,0.0,0.0,0.0
PREFEITURA MUNICIPAL SANTA BARBARA DO PARA,PA,Municipal,6,0,23600.0,0.0,0.0,0.0
PREFEITURA MUNICIPAL SAO DOMINGOS DO CAPIM-PA,PA,Municipal,9,0,111710.0,0.0,0.0,0.0
PREFEITURA MUNICIPAL SAO SEBASTIAO DO ALTO-RJ,RJ,Municipal,5,0,2840.0,0.0,0.0,0.0
PREFEITURA MUNICIPAL STO. ANTONIO DESCOBERTO,GO,Municipal,6,0,20567.0,0.0,0.0,0.0
PREFEITURA MUNICIPAL SÃO MIGUEL DO GUAMÁ - PA,PA,Municipal,6,0,32540.0,0.0,0.0,0.0
PREFEITURA MUNUNICIPAL DE ENTRE RIOS DO OESTE,PR,Municipal,9,0,4975.0,0.0,0.0,0.0
PROCURADORIA GERAL DO ESTADO DO AMAPA,AP,Estadual,3,0,29655.2,0.0,0.0,0.0
SECRETARIA DE ESTADO DA SAÚDE DE RR,RR,Estadual,18,0,204927.8,0.0,0.0,0.0
SECRETARIA DE ESTADO DE SAÚDE - DF,DF,Estadual,13,0,1899787.13,0.0,0.0,0.0
SECRETARIA MUNICIPAL DE ADMINISTRAÇÃO - NATAL,RN,Municipal,7,0,322800.0,0.0,0.0,0.0
SECRETARIA MUNICIPAL DE SAÚDE DE GOIANIA - GO,GO,Municipal,4,0,160447.2,0.0,0.0,0.0
SECRETARIA MUNICIPAL DE SAÚDE DE JOÃO PESSOA,PB,Municipal,6,0,156522.48,0.0,0.0,0.0
SENADO FEDERAL,DF,Não informado,3,0,58.2,0.0,0.0,0.0
SERVICO AUTONOMO MUNICIPAL DE SAUDE IBITINGA,SP,Municipal,13,0,109750.0,0.0,0.0,0.0
SERVIÇO AUTONOMO HOSPITALAR DE VOLTA REDONDA,RJ,Municipal,10,0,3980.0,0.0,0.0,0.0
SUPERINTEND.ESTAD.DE COMPRAS E LICITAÇÕES-RO,RO,Estadual,4,0,23321.0,0.0,0.0,0.0
UNIDADE GESTORA EXECUTORA OPERAÇÃO ACOLHIDA,AM,Federal,3,0,175.0,0.0,0.0,0.0
UNIVERSIDADE ESTADUAL DO PARA,PA,Estadual,3,0,3800.0,0.0,0.0,0.0
